Number,Name,Spawn_Type,Average_Rarity_Score,Recommendation,Data_Sources,GamePress_v2_Score,Pokemon_GO_Hub_Score,Pokemon_GO_API_Score,Enhanced_Curated_Data_Score,Inferred_Score
1,Bulbasaur,wild,3.22,Depends on Circumstances,"Structured Spawn Data, Pokemon GO API, Enhanced Curated Data, Serebii, PokemonDB Catch Rate",,,7.0,6,
2,Ivysaur,evolution-only,2.45,Evaluate for Evolution,"Structured Spawn Data, Pokemon GO API, Serebii, PokemonDB Catch Rate",,,7.0,,
3,Venusaur,evolution-only,2.19,Evaluate for Evolution,"Structured Spawn Data, Pokemon GO API, Serebii, PokemonDB Catch Rate",,,7.0,,
4,Charmander,wild,3.18,Depends on Circumstances,"Structured Spawn Data, Pokemon GO API, Enhanced Curated Data, Serebii, PokemonDB Catch Rate",,,7.0,6,
5,Charmeleon,evolution-only,2.44,Evaluate for Evolution,"Structured Spawn Data, Pokemon GO API, Serebii, PokemonDB Catch Rate",,,7.0,,
6,Charizard,evolution-only,2.19,Evaluate for Evolution,"Structured Spawn Data, Pokemon GO API, Serebii, PokemonDB Catch Rate",,,7.0,,
7,Squirtle,wild,3.21,Depends on Circumstances,"Structured Spawn Data, Pokemon GO API, Enhanced Curated Data, Serebii, PokemonDB Catch Rate",,,7.0,6,
8,Wartortle,evolution-only,2.45,Evaluate for Evolution,"Structured Spawn Data, Pokemon GO API, Serebii, PokemonDB Catch Rate",,,7.0,,
9,Blastoise,evolution-only,2.19,Evaluate for Evolution,"Structured Spawn Data, Pokemon GO API, Serebii, PokemonDB Catch Rate",,,7.0,,
10,Caterpie,wild,5.5,Depends on Circumstances,"Structured Spawn Data, Pokemon GO API, Enhanced Curated Data, Serebii, PokemonDB Catch Rate",,,7.0,8,
11,Metapod,evolution-only,3.2,Evaluate for Evolution,"Structured Spawn Data, Pokemon GO API, Serebii, PokemonDB Catch Rate",,,7.0,,
12,Butterfree,evolution-only,2.44,Evaluate for Evolution,"Structured Spawn Data, Pokemon GO API, Serebii, PokemonDB Catch Rate",,,7.0,,
13,Weedle,wild,5.91,Depends on Circumstances,"Structured Spawn Data, Pokemon GO API, Enhanced Curated Data, Serebii, PokemonDB Catch Rate",,,7.0,8,
14,Kakuna,evolution-only,3.23,Evaluate for Evolution,"Structured Spawn Data, Pokemon GO API, Serebii, PokemonDB Catch Rate",,,7.0,,
15,Beedrill,evolution-only,2.2,Evaluate for Evolution,"Structured Spawn Data, Pokemon GO API, Serebii, PokemonDB Catch Rate",,,7.0,,
16,Pidgey,wild,8.33,Safe to Transfer,"Structured Spawn Data, Pokemon GO API, Enhanced Curated Data",,,7.0,10,
17,Pidgeotto,evolution-only,3.75,Evaluate for Evolution,"Structured Spawn Data, Pokemon GO API",,,7.0,,
18,Pidgeot,evolution-only,3.53,Evaluate for Evolution,"Structured Spawn Data, Pokemon GO API",,,7.0,,
19,Rattata,wild,7.51,Safe to Transfer,"Structured Spawn Data, Pokemon GO API, Enhanced Curated Data",,,7.0,9,
19,Alolan Rattata,wild,6,Safe to Transfer,Enhanced Curated Data,,,,6,
20,Raticate,evolution-only,3.6,Evaluate for Evolution,"Structured Spawn Data, Pokemon GO API",,,7.0,,
20,Alolan Raticate,wild,4.0,Depends on Circumstances,Inferred,,,,,4.0
21,Spearow,wild,5.46,Depends on Circumstances,"Structured Spawn Data, Pokemon GO API, Enhanced Curated Data",,,7.0,7,
22,Fearow,evolution-only,3.54,Evaluate for Evolution,"Structured Spawn Data, Pokemon GO API",,,7.0,,
23,Ekans,wild,4.07,Depends on Circumstances,"Structured Spawn Data, Pokemon GO API",,,7.0,,
24,Arbok,evolution-only,3.52,Evaluate for Evolution,"Structured Spawn Data, Pokemon GO API",,,7.0,,
25,Pikachu,wild,4.37,Depends on Circumstances,"Structured Spawn Data, Pokemon GO API, Enhanced Curated Data",,,7.0,6,
26,Raichu,evolution-only,3.5,Evaluate for Evolution,"Structured Spawn Data, Pokemon GO API",,,7.0,,
26,Alolan Raichu,wild,4.0,Depends on Circumstances,Inferred,,,,,4.0
27,Sandshrew,wild,4.52,Depends on Circumstances,"Structured Spawn Data, Pokemon GO API, Enhanced Curated Data",,,7.0,6,
27,Alolan Sandshrew,wild,4,Depends on Circumstances,Enhanced Curated Data,,,,4,
28,Sandslash,evolution-only,3.51,Evaluate for Evolution,"Structured Spawn Data, Pokemon GO API",,,7.0,,
28,Alolan Sandslash,wild,4.0,Depends on Circumstances,Inferred,,,,,4.0
29,Nidoran♀,wild,6.5,Safe to Transfer,"Pokemon GO API, Enhanced Curated Data",,,7.0,6,
30,Nidorina,evolution-only,3.52,Evaluate for Evolution,"Structured Spawn Data, Pokemon GO API",,,7.0,,
31,Nidoqueen,evolution-only,3.5,Evaluate for Evolution,"Structured Spawn Data, Pokemon GO API",,,7.0,,
32,Nidoran♂,wild,6.5,Safe to Transfer,"Pokemon GO API, Enhanced Curated Data",,,7.0,6,
33,Nidorino,evolution-only,3.52,Evaluate for Evolution,"Structured Spawn Data, Pokemon GO API",,,7.0,,
34,Nidoking,evolution-only,3.5,Evaluate for Evolution,"Structured Spawn Data, Pokemon GO API",,,7.0,,
35,Clefairy,wild,3.82,Depends on Circumstances,"Structured Spawn Data, Pokemon GO API, Enhanced Curated Data",,,7.0,4,
36,Clefable,evolution-only,3.5,Evaluate for Evolution,"Structured Spawn Data, Pokemon GO API",,,7.0,,
37,Vulpix,wild,4.04,Depends on Circumstances,"Structured Spawn Data, Pokemon GO API, Enhanced Curated Data",,,7.0,5,
37,Alolan Vulpix,wild,4,Depends on Circumstances,Enhanced Curated Data,,,,4,
38,Ninetales,evolution-only,3.5,Evaluate for Evolution,"Structured Spawn Data, Pokemon GO API",,,7.0,,
38,Alolan Ninetales,wild,4.0,Depends on Circumstances,Inferred,,,,,4.0
39,Jigglypuff,wild,3.73,Depends on Circumstances,"Structured Spawn Data, Pokemon GO API, Enhanced Curated Data",,,7.0,4,
40,Wigglytuff,evolution-only,3.5,Evaluate for Evolution,"Structured Spawn Data, Pokemon GO API",,,7.0,,
41,Zubat,wild,6.09,Safe to Transfer,"Structured Spawn Data, Pokemon GO API, Enhanced Curated Data",,,7.0,8,
42,Golbat,evolution-only,3.6,Evaluate for Evolution,"Structured Spawn Data, Pokemon GO API",,,7.0,,
43,Oddish,wild,4.84,Depends on Circumstances,"Structured Spawn Data, Pokemon GO API, Enhanced Curated Data",,,7.0,7,
44,Gloom,evolution-only,3.52,Evaluate for Evolution,"Structured Spawn Data, Pokemon GO API",,,7.0,,
45,Vileplume,evolution-only,3.5,Evaluate for Evolution,"Structured Spawn Data, Pokemon GO API",,,7.0,,
46,Paras,wild,5.06,Depends on Circumstances,"Structured Spawn Data, Pokemon GO API, Enhanced Curated Data",,,7.0,7,
47,Parasect,evolution-only,3.52,Evaluate for Evolution,"Structured Spawn Data, Pokemon GO API",,,7.0,,
48,Venonat,wild,5.05,Depends on Circumstances,"Structured Spawn Data, Pokemon GO API, Enhanced Curated Data",,,7.0,7,
49,Venomoth,evolution-only,3.52,Evaluate for Evolution,"Structured Spawn Data, Pokemon GO API",,,7.0,,
50,Diglett,wild,3.6,Depends on Circumstances,"Structured Spawn Data, Pokemon GO API",,,7.0,,
50,Alolan Diglett,wild,5,Depends on Circumstances,Enhanced Curated Data,,,,5,
51,Dugtrio,evolution-only,3.5,Evaluate for Evolution,"Structured Spawn Data, Pokemon GO API",,,7.0,,
51,Alolan Dugtrio,wild,4.0,Depends on Circumstances,Inferred,,,,,4.0
52,Meowth,wild,3.71,Depends on Circumstances,"Structured Spawn Data, Pokemon GO API",,,7.0,,
52,Alolan Meowth,wild,5,Depends on Circumstances,Enhanced Curated Data,,,,5,
52,Galarian Meowth,wild,4,Depends on Circumstances,Enhanced Curated Data,,,,4,
53,Persian,evolution-only,3.51,Evaluate for Evolution,"Structured Spawn Data, Pokemon GO API",,,7.0,,
53,Alolan Persian,wild,4.0,Depends on Circumstances,Inferred,,,,,4.0
54,Psyduck,wild,5.09,Depends on Circumstances,"Structured Spawn Data, Pokemon GO API, Enhanced Curated Data",,,7.0,7,
55,Golduck,evolution-only,3.52,Evaluate for Evolution,"Structured Spawn Data, Pokemon GO API",,,7.0,,
56,Mankey,wild,3.73,Depends on Circumstances,"Structured Spawn Data, Pokemon GO API",,,7.0,,
57,Primeape,evolution-only,3.51,Evaluate for Evolution,"Structured Spawn Data, Pokemon GO API",,,7.0,,
58,Growlithe,wild,3.73,Depends on Circumstances,"Structured Spawn Data, Pokemon GO API",,,7.0,,
59,Arcanine,evolution-only,3.5,Evaluate for Evolution,"Structured Spawn Data, Pokemon GO API",,,7.0,,
60,Poliwag,wild,4.7,Depends on Circumstances,"Structured Spawn Data, Pokemon GO API, Enhanced Curated Data",,,7.0,6,
61,Poliwhirl,evolution-only,3.53,Evaluate for Evolution,"Structured Spawn Data, Pokemon GO API",,,7.0,,
62,Poliwrath,evolution-only,3.5,Evaluate for Evolution,"Structured Spawn Data, Pokemon GO API",,,7.0,,
63,Abra,wild,4.4,Depends on Circumstances,"Structured Spawn Data, Pokemon GO API, Enhanced Curated Data",,,7.0,6,
64,Kadabra,evolution-only,3.51,Evaluate for Evolution,"Structured Spawn Data, Pokemon GO API",,,7.0,,
65,Alakazam,evolution-only,3.5,Evaluate for Evolution,"Structured Spawn Data, Pokemon GO API",,,7.0,,
66,Machop,wild,4.42,Depends on Circumstances,"Structured Spawn Data, Pokemon GO API, Enhanced Curated Data",,,7.0,6,
67,Machoke,evolution-only,3.51,Evaluate for Evolution,"Structured Spawn Data, Pokemon GO API",,,7.0,,
68,Machamp,evolution-only,3.5,Evaluate for Evolution,"Structured Spawn Data, Pokemon GO API",,,7.0,,
69,Bellsprout,wild,4.86,Depends on Circumstances,"Structured Spawn Data, Pokemon GO API, Enhanced Curated Data",,,7.0,7,
70,Weepinbell,evolution-only,3.52,Evaluate for Evolution,"Structured Spawn Data, Pokemon GO API",,,7.0,,
71,Victreebel,evolution-only,3.5,Evaluate for Evolution,"Structured Spawn Data, Pokemon GO API",,,7.0,,
72,Tentacool,wild,4.8,Depends on Circumstances,"Structured Spawn Data, Pokemon GO API, Enhanced Curated Data",,,7.0,7,
73,Tentacruel,evolution-only,3.52,Evaluate for Evolution,"Structured Spawn Data, Pokemon GO API",,,7.0,,
74,Geodude,wild,4.53,Depends on Circumstances,"Structured Spawn Data, Pokemon GO API, Enhanced Curated Data",,,7.0,6,
74,Alolan Geodude,wild,6,Safe to Transfer,Enhanced Curated Data,,,,6,
75,Graveler,evolution-only,3.52,Evaluate for Evolution,"Structured Spawn Data, Pokemon GO API",,,7.0,,
75,Alolan Graveler,wild,4.0,Depends on Circumstances,Inferred,,,,,4.0
76,Golem,evolution-only,3.5,Evaluate for Evolution,"Structured Spawn Data, Pokemon GO API",,,7.0,,
76,Alolan Golem,wild,4.0,Depends on Circumstances,Inferred,,,,,4.0
77,Ponyta,wild,3.63,Depends on Circumstances,"Structured Spawn Data, Pokemon GO API",,,7.0,,
77,Galarian Ponyta,wild,3,Depends on Circumstances,Enhanced Curated Data,,,,3,
78,Rapidash,evolution-only,3.5,Evaluate for Evolution,"Structured Spawn Data, Pokemon GO API",,,7.0,,
78,Galarian Rapidash,wild,4.0,Depends on Circumstances,Inferred,,,,,4.0
79,Slowpoke,wild,4.17,Depends on Circumstances,"Structured Spawn Data, Pokemon GO API, Enhanced Curated Data",,,7.0,5,
79,Galarian Slowpoke,wild,4,Depends on Circumstances,Enhanced Curated Data,,,,4,
80,Slowbro,evolution-only,3.51,Evaluate for Evolution,"Structured Spawn Data, Pokemon GO API",,,7.0,,
80,Galarian Slowbro,wild,4.0,Depends on Circumstances,Inferred,,,,,4.0
81,Magnemite,wild,3.79,Depends on Circumstances,"Structured Spawn Data, Pokemon GO API, Enhanced Curated Data",,,7.0,4,
82,Magneton,evolution-only,3.51,Evaluate for Evolution,"Structured Spawn Data, Pokemon GO API",,,7.0,,
83,Farfetch'd,wild,1.51,Should Always Trade,"Structured Spawn Data, Enhanced Curated Data",,,,3,
83,Galarian Farfetch'd,wild,3,Depends on Circumstances,Enhanced Curated Data,,,,3,
84,Doduo,wild,4.42,Depends on Circumstances,"Structured Spawn Data, Pokemon GO API, Enhanced Curated Data",,,7.0,6,
85,Dodrio,evolution-only,3.56,Evaluate for Evolution,"Structured Spawn Data, Pokemon GO API",,,7.0,,
86,Seel,wild,4.38,Depends on Circumstances,"Structured Spawn Data, Pokemon GO API, Enhanced Curated Data",,,7.0,6,
87,Dewgong,evolution-only,3.5,Evaluate for Evolution,"Structured Spawn Data, Pokemon GO API",,,7.0,,
88,Grimer,wild,3.68,Depends on Circumstances,"Structured Spawn Data, Pokemon GO API, Enhanced Curated Data",,,7.0,4,
88,Alolan Grimer,wild,4,Depends on Circumstances,Enhanced Curated Data,,,,4,
89,Muk,evolution-only,3.5,Evaluate for Evolution,"Structured Spawn Data, Pokemon GO API",,,7.0,,
89,Alolan Muk,wild,4.0,Depends on Circumstances,Inferred,,,,,4.0
90,Shellder,wild,3.75,Depends on Circumstances,"Structured Spawn Data, Pokemon GO API, Enhanced Curated Data",,,7.0,4,
91,Cloyster,evolution-only,3.5,Evaluate for Evolution,"Structured Spawn Data, Pokemon GO API",,,7.0,,
92,Gastly,wild,5.13,Depends on Circumstances,"Structured Spawn Data, Pokemon GO API, Enhanced Curated Data",,,7.0,8,
93,Haunter,evolution-only,3.51,Evaluate for Evolution,"Structured Spawn Data, Pokemon GO API",,,7.0,,
94,Gengar,evolution-only,3.5,Evaluate for Evolution,"Structured Spawn Data, Pokemon GO API",,,7.0,,
95,Onix,wild,3.35,Depends on Circumstances,"Structured Spawn Data, Pokemon GO API, Enhanced Curated Data",,,7.0,3,
96,Drowzee,wild,4.54,Depends on Circumstances,"Structured Spawn Data, Pokemon GO API, Enhanced Curated Data",,,7.0,5,
97,Hypno,evolution-only,3.52,Evaluate for Evolution,"Structured Spawn Data, Pokemon GO API",,,7.0,,
98,Krabby,wild,4.69,Depends on Circumstances,"Structured Spawn Data, Pokemon GO API, Enhanced Curated Data",,,7.0,6,
99,Kingler,evolution-only,3.52,Evaluate for Evolution,"Structured Spawn Data, Pokemon GO API",,,7.0,,
100,Voltorb,wild,3.77,Depends on Circumstances,"Structured Spawn Data, Pokemon GO API, Enhanced Curated Data",,,7.0,4,
100,Hisuian Voltorb,wild,4,Depends on Circumstances,Enhanced Curated Data,,,,4,
101,Electrode,evolution-only,3.5,Evaluate for Evolution,"Structured Spawn Data, Pokemon GO API",,,7.0,,
101,Hisuian Electrode,wild,2,Should Always Trade,Enhanced Curated Data,,,,2,
102,Exeggcute,wild,3.8,Depends on Circumstances,"Structured Spawn Data, Pokemon GO API, Enhanced Curated Data",,,7.0,4,
103,Exeggutor,evolution-only,3.5,Evaluate for Evolution,"Structured Spawn Data, Pokemon GO API",,,7.0,,
103,Alolan Exeggutor,wild,2,Should Always Trade,Enhanced Curated Data,,,,2,
104,Cubone,wild,3.77,Depends on Circumstances,"Structured Spawn Data, Pokemon GO API, Enhanced Curated Data",,,7.0,4,
105,Marowak,evolution-only,3.5,Evaluate for Evolution,"Structured Spawn Data, Pokemon GO API",,,7.0,,
105,Alolan Marowak,wild,2,Should Always Trade,Enhanced Curated Data,,,,2,
106,Hitmonlee,wild,3.34,Depends on Circumstances,"Structured Spawn Data, Pokemon GO API, Enhanced Curated Data",,,7.0,3,
107,Hitmonchan,wild,3.34,Depends on Circumstances,"Structured Spawn Data, Pokemon GO API, Enhanced Curated Data",,,7.0,3,
108,Lickitung,wild,3.34,Depends on Circumstances,"Structured Spawn Data, Pokemon GO API, Enhanced Curated Data",,,7.0,3,
109,Koffing,wild,3.7,Depends on Circumstances,"Structured Spawn Data, Pokemon GO API, Enhanced Curated Data",,,7.0,4,
110,Weezing,evolution-only,3.5,Evaluate for Evolution,"Structured Spawn Data, Pokemon GO API",,,7.0,,
110,Galarian Weezing,wild,2,Should Always Trade,Enhanced Curated Data,,,,2,
111,Rhyhorn,wild,3.77,Depends on Circumstances,"Structured Spawn Data, Pokemon GO API, Enhanced Curated Data",,,7.0,4,
112,Rhydon,evolution-only,3.51,Evaluate for Evolution,"Structured Spawn Data, Pokemon GO API",,,7.0,,
113,Chansey,wild,3.0,Depends on Circumstances,"Structured Spawn Data, Pokemon GO API, Enhanced Curated Data",,,7.0,2,
114,Tangela,wild,3.7,Depends on Circumstances,"Structured Spawn Data, Pokemon GO API, Enhanced Curated Data",,,7.0,4,
115,Kangaskhan,wild,3.33,Depends on Circumstances,"Structured Spawn Data, Pokemon GO API, Enhanced Curated Data",,,7.0,3,
116,Horsea,wild,4.85,Depends on Circumstances,"Structured Spawn Data, Pokemon GO API, Enhanced Curated Data",,,7.0,7,
117,Seadra,evolution-only,3.51,Evaluate for Evolution,"Structured Spawn Data, Pokemon GO API",,,7.0,,
118,Goldeen,wild,5.36,Depends on Circumstances,"Structured Spawn Data, Pokemon GO API, Enhanced Curated Data",,,7.0,8,
119,Seaking,evolution-only,3.52,Evaluate for Evolution,"Structured Spawn Data, Pokemon GO API",,,7.0,,
120,Staryu,wild,4.99,Depends on Circumstances,"Structured Spawn Data, Pokemon GO API, Enhanced Curated Data",,,7.0,7,
121,Starmie,evolution-only,3.51,Evaluate for Evolution,"Structured Spawn Data, Pokemon GO API",,,7.0,,
122,Mr. Mime,evolution-only,3.5,Evaluate for Evolution,"Structured Spawn Data, Pokemon GO API",,,7.0,,
122,Galarian Mr. Mime,wild,3,Depends on Circumstances,Enhanced Curated Data,,,,3,
123,Scyther,wild,3.36,Depends on Circumstances,"Structured Spawn Data, Pokemon GO API, Enhanced Curated Data",,,7.0,3,
124,Jynx,wild,3.39,Depends on Circumstances,"Structured Spawn Data, Pokemon GO API, Enhanced Curated Data",,,7.0,3,
125,Electabuzz,wild,3.68,Depends on Circumstances,"Structured Spawn Data, Pokemon GO API, Enhanced Curated Data",,,7.0,4,
126,Magmar,wild,3.68,Depends on Circumstances,"Structured Spawn Data, Pokemon GO API, Enhanced Curated Data",,,7.0,4,
127,Pinsir,wild,3.83,Depends on Circumstances,"Structured Spawn Data, Pokemon GO API, Enhanced Curated Data",,,7.0,4,
128,Tauros,wild,3.35,Depends on Circumstances,"Structured Spawn Data, Pokemon GO API, Enhanced Curated Data",,,7.0,3,
128,Paldean Tauros,wild,2,Should Always Trade,Enhanced Curated Data,,,,2,
129,Magikarp,wild,6.13,Safe to Transfer,"Structured Spawn Data, Pokemon GO API, Enhanced Curated Data",,,7.0,9,
130,Gyarados,evolution-only,3.5,Evaluate for Evolution,"Structured Spawn Data, Pokemon GO API",,,7.0,,
131,Lapras,wild,3.0,Depends on Circumstances,"Structured Spawn Data, Pokemon GO API, Enhanced Curated Data",,,7.0,2,
132,Ditto,wild,3.0,Depends on Circumstances,"Structured Spawn Data, Pokemon GO API, Enhanced Curated Data",,,7.0,2,
133,Eevee,wild,5.46,Depends on Circumstances,"Structured Spawn Data, Pokemon GO API, Enhanced Curated Data",,,7.0,8,
134,Vaporeon,evolution-only,3.5,Evaluate for Evolution,"Structured Spawn Data, Pokemon GO API",,,7.0,,
135,Jolteon,evolution-only,3.5,Evaluate for Evolution,"Structured Spawn Data, Pokemon GO API",,,7.0,,
136,Flareon,evolution-only,3.5,Evaluate for Evolution,"Structured Spawn Data, Pokemon GO API",,,7.0,,
137,Porygon,wild,3.0,Depends on Circumstances,"Structured Spawn Data, Pokemon GO API, Enhanced Curated Data",,,7.0,2,
138,Omanyte,wild,3.36,Depends on Circumstances,"Structured Spawn Data, Pokemon GO API, Enhanced Curated Data",,,7.0,3,
139,Omastar,evolution-only,3.5,Evaluate for Evolution,"Structured Spawn Data, Pokemon GO API",,,7.0,,
140,Kabuto,wild,3.35,Depends on Circumstances,"Structured Spawn Data, Pokemon GO API, Enhanced Curated Data",,,7.0,3,
141,Kabutops,evolution-only,3.5,Evaluate for Evolution,"Structured Spawn Data, Pokemon GO API",,,7.0,,
142,Aerodactyl,wild,3.0,Depends on Circumstances,"Structured Spawn Data, Pokemon GO API, Enhanced Curated Data",,,7.0,2,
143,Snorlax,wild,3.0,Depends on Circumstances,"Structured Spawn Data, Pokemon GO API, Enhanced Curated Data",,,7.0,2,
144,Articuno,legendary,0.0,Never Transfer (Legendary),"Structured Spawn Data, Pokemon GO API",,,0.0,,
144,Galarian Articuno,legendary,0.0,Never Transfer (Legendary),Inferred,,,,,0.0
145,Zapdos,legendary,0.0,Never Transfer (Legendary),"Structured Spawn Data, Pokemon GO API",,,0.0,,
145,Galarian Zapdos,legendary,0.0,Never Transfer (Legendary),Inferred,,,,,0.0
146,Moltres,legendary,0.0,Never Transfer (Legendary),"Structured Spawn Data, Pokemon GO API",,,0.0,,
146,Galarian Moltres,legendary,0.0,Never Transfer (Legendary),Inferred,,,,,0.0
147,Dratini,wild,3.05,Depends on Circumstances,"Structured Spawn Data, Pokemon GO API, Enhanced Curated Data",,,7.0,2,
148,Dragonair,evolution-only,3.5,Evaluate for Evolution,"Structured Spawn Data, Pokemon GO API",,,7.0,,
149,Dragonite,evolution-only,3.5,Evaluate for Evolution,"Structured Spawn Data, Pokemon GO API",,,7.0,,
150,Mewtwo,legendary,0.0,Never Transfer (Legendary),"Structured Spawn Data, Pokemon GO API",,,0.0,,
151,Mew,legendary,0.0,Never Transfer (Legendary),"Structured Spawn Data, Pokemon GO API",,,0.0,,
152,Chikorita,wild,6.5,Safe to Transfer,"Pokemon GO API, Enhanced Curated Data",,,7.0,6,
153,Bayleef,wild,7.0,Safe to Transfer,Pokemon GO API,,,7.0,,
154,Meganium,wild,7.0,Safe to Transfer,Pokemon GO API,,,7.0,,
155,Cyndaquil,wild,6.5,Safe to Transfer,"Pokemon GO API, Enhanced Curated Data",,,7.0,6,
156,Quilava,wild,7.0,Safe to Transfer,Pokemon GO API,,,7.0,,
157,Typhlosion,wild,7.0,Safe to Transfer,Pokemon GO API,,,7.0,,
157,Hisuian Typhlosion,wild,1,Should Always Trade,Enhanced Curated Data,,,,1,
158,Totodile,wild,6.5,Safe to Transfer,"Pokemon GO API, Enhanced Curated Data",,,7.0,6,
159,Croconaw,wild,7.0,Safe to Transfer,Pokemon GO API,,,7.0,,
160,Feraligatr,wild,7.0,Safe to Transfer,Pokemon GO API,,,7.0,,
161,Sentret,wild,7.5,Safe to Transfer,"Pokemon GO API, Enhanced Curated Data",,,7.0,8,
162,Furret,wild,7.0,Safe to Transfer,Pokemon GO API,,,7.0,,
163,Hoothoot,wild,7.5,Safe to Transfer,"Pokemon GO API, Enhanced Curated Data",,,7.0,8,
164,Noctowl,wild,7.0,Safe to Transfer,Pokemon GO API,,,7.0,,
165,Ledyba,wild,7.0,Safe to Transfer,"Pokemon GO API, Enhanced Curated Data",,,7.0,7,
166,Ledian,wild,7.0,Safe to Transfer,Pokemon GO API,,,7.0,,
167,Spinarak,wild,7.0,Safe to Transfer,"Pokemon GO API, Enhanced Curated Data",,,7.0,7,
168,Ariados,wild,7.0,Safe to Transfer,Pokemon GO API,,,7.0,,
169,Crobat,wild,7.0,Safe to Transfer,Pokemon GO API,,,7.0,,
170,Chinchou,wild,7.0,Safe to Transfer,Pokemon GO API,,,7.0,,
171,Lanturn,wild,7.0,Safe to Transfer,Pokemon GO API,,,7.0,,
172,Pichu,wild,7.0,Safe to Transfer,Pokemon GO API,,,7.0,,
173,Cleffa,wild,7.0,Safe to Transfer,Pokemon GO API,,,7.0,,
174,Igglybuff,wild,7.0,Safe to Transfer,Pokemon GO API,,,7.0,,
175,Togepi,wild,7.0,Safe to Transfer,Pokemon GO API,,,7.0,,
176,Togetic,wild,7.0,Safe to Transfer,Pokemon GO API,,,7.0,,
177,Natu,wild,7.0,Safe to Transfer,"Pokemon GO API, Enhanced Curated Data",,,7.0,7,
178,Xatu,wild,7.0,Safe to Transfer,Pokemon GO API,,,7.0,,
179,Mareep,wild,5.5,Depends on Circumstances,"Pokemon GO API, Enhanced Curated Data",,,7.0,4,
180,Flaaffy,wild,7.0,Safe to Transfer,Pokemon GO API,,,7.0,,
181,Ampharos,wild,7.0,Safe to Transfer,Pokemon GO API,,,7.0,,
182,Bellossom,wild,7.0,Safe to Transfer,Pokemon GO API,,,7.0,,
183,Marill,wild,7.0,Safe to Transfer,"Pokemon GO API, Enhanced Curated Data",,,7.0,7,
184,Azumarill,wild,7.0,Safe to Transfer,Pokemon GO API,,,7.0,,
185,Sudowoodo,wild,7.0,Safe to Transfer,Pokemon GO API,,,7.0,,
186,Politoed,wild,7.0,Safe to Transfer,Pokemon GO API,,,7.0,,
187,Hoppip,wild,7.0,Safe to Transfer,"Pokemon GO API, Enhanced Curated Data",,,7.0,7,
188,Skiploom,wild,7.0,Safe to Transfer,Pokemon GO API,,,7.0,,
189,Jumpluff,wild,7.0,Safe to Transfer,Pokemon GO API,,,7.0,,
190,Aipom,wild,5.5,Depends on Circumstances,"Pokemon GO API, Enhanced Curated Data",,,7.0,4,
191,Sunkern,wild,7.0,Safe to Transfer,Pokemon GO API,,,7.0,,
192,Sunflora,wild,7.0,Safe to Transfer,Pokemon GO API,,,7.0,,
193,Yanma,wild,5.5,Depends on Circumstances,"Pokemon GO API, Enhanced Curated Data",,,7.0,4,
194,Wooper,wild,7.0,Safe to Transfer,"Pokemon GO API, Enhanced Curated Data",,,7.0,7,
194,Paldean Wooper,wild,5,Depends on Circumstances,Enhanced Curated Data,,,,5,
195,Quagsire,wild,7.0,Safe to Transfer,Pokemon GO API,,,7.0,,
196,Espeon,wild,7.0,Safe to Transfer,Pokemon GO API,,,7.0,,
197,Umbreon,wild,7.0,Safe to Transfer,Pokemon GO API,,,7.0,,
198,Murkrow,wild,7.0,Safe to Transfer,Pokemon GO API,,,7.0,,
199,Slowking,wild,7.0,Safe to Transfer,Pokemon GO API,,,7.0,,
199,Galarian Slowking,wild,4.0,Depends on Circumstances,Inferred,,,,,4.0
200,Misdreavus,wild,7.0,Safe to Transfer,Pokemon GO API,,,7.0,,
201,Unown,wild,4.0,Depends on Circumstances,"Pokemon GO API, Enhanced Curated Data",,,7.0,1,
202,Wobbuffet,wild,7.0,Safe to Transfer,Pokemon GO API,,,7.0,,
203,Girafarig,wild,7.0,Safe to Transfer,Pokemon GO API,,,7.0,,
204,Pineco,wild,7.0,Safe to Transfer,Pokemon GO API,,,7.0,,
205,Forretress,wild,7.0,Safe to Transfer,Pokemon GO API,,,7.0,,
206,Dunsparce,wild,7.0,Safe to Transfer,Pokemon GO API,,,7.0,,
207,Gligar,wild,7.0,Safe to Transfer,Pokemon GO API,,,7.0,,
208,Steelix,wild,7.0,Safe to Transfer,Pokemon GO API,,,7.0,,
209,Snubbull,wild,5.5,Depends on Circumstances,"Pokemon GO API, Enhanced Curated Data",,,7.0,4,
210,Granbull,wild,7.0,Safe to Transfer,Pokemon GO API,,,7.0,,
211,Qwilfish,wild,7.0,Safe to Transfer,Pokemon GO API,,,7.0,,
211,Hisuian Qwilfish,wild,3,Depends on Circumstances,Enhanced Curated Data,,,,3,
212,Scizor,wild,7.0,Safe to Transfer,Pokemon GO API,,,7.0,,
213,Shuckle,wild,7.0,Safe to Transfer,Pokemon GO API,,,7.0,,
214,Heracross,wild,7.0,Safe to Transfer,Pokemon GO API,,,7.0,,
215,Sneasel,wild,7.0,Safe to Transfer,Pokemon GO API,,,7.0,,
215,Hisuian Sneasel,wild,2,Should Always Trade,Enhanced Curated Data,,,,2,
216,Teddiursa,wild,5.5,Depends on Circumstances,"Pokemon GO API, Enhanced Curated Data",,,7.0,4,
217,Ursaring,wild,7.0,Safe to Transfer,Pokemon GO API,,,7.0,,
218,Slugma,wild,5.5,Depends on Circumstances,"Pokemon GO API, Enhanced Curated Data",,,7.0,4,
219,Magcargo,wild,7.0,Safe to Transfer,Pokemon GO API,,,7.0,,
220,Swinub,wild,5.5,Depends on Circumstances,"Pokemon GO API, Enhanced Curated Data",,,7.0,4,
221,Piloswine,wild,7.0,Safe to Transfer,Pokemon GO API,,,7.0,,
222,Corsola,wild,7.0,Safe to Transfer,Pokemon GO API,,,7.0,,
222,Galarian Corsola,wild,3,Depends on Circumstances,Enhanced Curated Data,,,,3,
223,Remoraid,wild,5.5,Depends on Circumstances,"Pokemon GO API, Enhanced Curated Data",,,7.0,4,
224,Octillery,wild,7.0,Safe to Transfer,Pokemon GO API,,,7.0,,
225,Delibird,wild,7.0,Safe to Transfer,Pokemon GO API,,,7.0,,
226,Mantine,wild,7.0,Safe to Transfer,Pokemon GO API,,,7.0,,
227,Skarmory,wild,7.0,Safe to Transfer,Pokemon GO API,,,7.0,,
228,Houndour,wild,5.5,Depends on Circumstances,"Pokemon GO API, Enhanced Curated Data",,,7.0,4,
229,Houndoom,wild,7.0,Safe to Transfer,Pokemon GO API,,,7.0,,
230,Kingdra,wild,7.0,Safe to Transfer,Pokemon GO API,,,7.0,,
231,Phanpy,wild,5.5,Depends on Circumstances,"Pokemon GO API, Enhanced Curated Data",,,7.0,4,
232,Donphan,wild,7.0,Safe to Transfer,Pokemon GO API,,,7.0,,
233,Porygon2,wild,7.0,Safe to Transfer,Pokemon GO API,,,7.0,,
234,Stantler,wild,7.0,Safe to Transfer,Pokemon GO API,,,7.0,,
235,Smeargle,event-only,7.0,Never Transfer (Event Only),Pokemon GO API,,,7.0,,
236,Tyrogue,wild,7.0,Safe to Transfer,Pokemon GO API,,,7.0,,
237,Hitmontop,wild,7.0,Safe to Transfer,Pokemon GO API,,,7.0,,
238,Smoochum,wild,7.0,Safe to Transfer,Pokemon GO API,,,7.0,,
239,Elekid,wild,7.0,Safe to Transfer,Pokemon GO API,,,7.0,,
240,Magby,wild,7.0,Safe to Transfer,Pokemon GO API,,,7.0,,
241,Miltank,wild,7.0,Safe to Transfer,Pokemon GO API,,,7.0,,
242,Blissey,wild,7.0,Safe to Transfer,Pokemon GO API,,,7.0,,
243,Raikou,legendary,0.0,Never Transfer (Legendary),Pokemon GO API,,,0.0,,
244,Entei,legendary,0.0,Never Transfer (Legendary),Pokemon GO API,,,0.0,,
245,Suicune,legendary,0.0,Never Transfer (Legendary),Pokemon GO API,,,0.0,,
246,Larvitar,wild,4.5,Depends on Circumstances,"Pokemon GO API, Enhanced Curated Data",,,7.0,2,
247,Pupitar,wild,7.0,Safe to Transfer,Pokemon GO API,,,7.0,,
248,Tyranitar,wild,7.0,Safe to Transfer,Pokemon GO API,,,7.0,,
249,Lugia,legendary,0.0,Never Transfer (Legendary),Pokemon GO API,,,0.0,,
250,Ho-Oh,legendary,0.0,Never Transfer (Legendary),Pokemon GO API,,,0.0,,
251,Celebi,legendary,0.0,Never Transfer (Legendary),Pokemon GO API,,,0.0,,
252,Treecko,wild,6.5,Safe to Transfer,"Pokemon GO API, Enhanced Curated Data",,,7.0,6,
253,Grovyle,wild,7.0,Safe to Transfer,Pokemon GO API,,,7.0,,
254,Sceptile,wild,7.0,Safe to Transfer,Pokemon GO API,,,7.0,,
255,Torchic,wild,6.5,Safe to Transfer,"Pokemon GO API, Enhanced Curated Data",,,7.0,6,
256,Combusken,wild,7.0,Safe to Transfer,Pokemon GO API,,,7.0,,
257,Blaziken,wild,7.0,Safe to Transfer,Pokemon GO API,,,7.0,,
258,Mudkip,wild,6.5,Safe to Transfer,"Pokemon GO API, Enhanced Curated Data",,,7.0,6,
259,Marshtomp,wild,7.0,Safe to Transfer,Pokemon GO API,,,7.0,,
260,Swampert,wild,7.0,Safe to Transfer,Pokemon GO API,,,7.0,,
261,Poochyena,wild,6.5,Safe to Transfer,"Pokemon GO API, Enhanced Curated Data",,,7.0,6,
262,Mightyena,wild,7.0,Safe to Transfer,Pokemon GO API,,,7.0,,
263,Zigzagoon,wild,7.5,Safe to Transfer,"Pokemon GO API, Enhanced Curated Data",,,7.0,8,
263,Galarian Zigzagoon,wild,6,Safe to Transfer,Enhanced Curated Data,,,,6,
264,Linoone,wild,7.0,Safe to Transfer,Pokemon GO API,,,7.0,,
264,Galarian Linoone,wild,4.0,Depends on Circumstances,Inferred,,,,,4.0
265,Wurmple,wild,7.5,Safe to Transfer,"Pokemon GO API, Enhanced Curated Data",,,7.0,8,
266,Silcoon,wild,7.0,Safe to Transfer,Pokemon GO API,,,7.0,,
267,Beautifly,wild,7.0,Safe to Transfer,Pokemon GO API,,,7.0,,
268,Cascoon,wild,7.0,Safe to Transfer,Pokemon GO API,,,7.0,,
269,Dustox,wild,7.0,Safe to Transfer,Pokemon GO API,,,7.0,,
270,Lotad,wild,6.5,Safe to Transfer,"Pokemon GO API, Enhanced Curated Data",,,7.0,6,
271,Lombre,wild,7.0,Safe to Transfer,Pokemon GO API,,,7.0,,
272,Ludicolo,wild,7.0,Safe to Transfer,Pokemon GO API,,,7.0,,
273,Seedot,wild,6.5,Safe to Transfer,"Pokemon GO API, Enhanced Curated Data",,,7.0,6,
274,Nuzleaf,wild,7.0,Safe to Transfer,Pokemon GO API,,,7.0,,
275,Shiftry,wild,7.0,Safe to Transfer,Pokemon GO API,,,7.0,,
276,Taillow,wild,7.0,Safe to Transfer,"Pokemon GO API, Enhanced Curated Data",,,7.0,7,
277,Swellow,wild,7.0,Safe to Transfer,Pokemon GO API,,,7.0,,
278,Wingull,wild,7.0,Safe to Transfer,"Pokemon GO API, Enhanced Curated Data",,,7.0,7,
279,Pelipper,wild,7.0,Safe to Transfer,Pokemon GO API,,,7.0,,
280,Ralts,wild,6.0,Safe to Transfer,"Pokemon GO API, Enhanced Curated Data",,,7.0,5,
281,Kirlia,wild,7.0,Safe to Transfer,Pokemon GO API,,,7.0,,
282,Gardevoir,wild,7.0,Safe to Transfer,Pokemon GO API,,,7.0,,
283,Surskit,wild,7.0,Safe to Transfer,Pokemon GO API,,,7.0,,
284,Masquerain,wild,7.0,Safe to Transfer,Pokemon GO API,,,7.0,,
285,Shroomish,wild,6.5,Safe to Transfer,"Pokemon GO API, Enhanced Curated Data",,,7.0,6,
286,Breloom,wild,7.0,Safe to Transfer,Pokemon GO API,,,7.0,,
287,Slakoth,wild,7.0,Safe to Transfer,Pokemon GO API,,,7.0,,
288,Vigoroth,wild,7.0,Safe to Transfer,Pokemon GO API,,,7.0,,
289,Slaking,wild,7.0,Safe to Transfer,Pokemon GO API,,,7.0,,
290,Nincada,wild,7.0,Safe to Transfer,Pokemon GO API,,,7.0,,
291,Ninjask,wild,7.0,Safe to Transfer,Pokemon GO API,,,7.0,,
292,Shedinja,wild,7.0,Safe to Transfer,Pokemon GO API,,,7.0,,
293,Whismur,wild,7.0,Safe to Transfer,"Pokemon GO API, Enhanced Curated Data",,,7.0,7,
294,Loudred,wild,7.0,Safe to Transfer,Pokemon GO API,,,7.0,,
295,Exploud,wild,7.0,Safe to Transfer,Pokemon GO API,,,7.0,,
296,Makuhita,wild,6.5,Safe to Transfer,"Pokemon GO API, Enhanced Curated Data",,,7.0,6,
297,Hariyama,wild,7.0,Safe to Transfer,Pokemon GO API,,,7.0,,
298,Azurill,wild,7.0,Safe to Transfer,Pokemon GO API,,,7.0,,
299,Nosepass,wild,7.0,Safe to Transfer,Pokemon GO API,,,7.0,,
300,Skitty,wild,7.0,Safe to Transfer,Pokemon GO API,,,7.0,,
301,Delcatty,wild,7.0,Safe to Transfer,Pokemon GO API,,,7.0,,
302,Sableye,wild,7.0,Safe to Transfer,Pokemon GO API,,,7.0,,
303,Mawile,wild,7.0,Safe to Transfer,Pokemon GO API,,,7.0,,
304,Aron,wild,6.0,Safe to Transfer,"Pokemon GO API, Enhanced Curated Data",,,7.0,5,
305,Lairon,wild,7.0,Safe to Transfer,Pokemon GO API,,,7.0,,
306,Aggron,wild,7.0,Safe to Transfer,Pokemon GO API,,,7.0,,
307,Meditite,wild,6.5,Safe to Transfer,"Pokemon GO API, Enhanced Curated Data",,,7.0,6,
308,Medicham,wild,7.0,Safe to Transfer,Pokemon GO API,,,7.0,,
309,Electrike,wild,6.5,Safe to Transfer,"Pokemon GO API, Enhanced Curated Data",,,7.0,6,
310,Manectric,wild,7.0,Safe to Transfer,Pokemon GO API,,,7.0,,
311,Plusle,wild,6.0,Safe to Transfer,"Pokemon GO API, Enhanced Curated Data",,,7.0,5,
312,Minun,wild,6.0,Safe to Transfer,"Pokemon GO API, Enhanced Curated Data",,,7.0,5,
313,Volbeat,wild,7.0,Safe to Transfer,Pokemon GO API,,,7.0,,
314,Illumise,wild,7.0,Safe to Transfer,Pokemon GO API,,,7.0,,
315,Roselia,wild,6.0,Safe to Transfer,"Pokemon GO API, Enhanced Curated Data",,,7.0,5,
316,Gulpin,wild,6.5,Safe to Transfer,"Pokemon GO API, Enhanced Curated Data",,,7.0,6,
317,Swalot,wild,7.0,Safe to Transfer,Pokemon GO API,,,7.0,,
318,Carvanha,wild,6.5,Safe to Transfer,"Pokemon GO API, Enhanced Curated Data",,,7.0,6,
319,Sharpedo,wild,7.0,Safe to Transfer,Pokemon GO API,,,7.0,,
320,Wailmer,wild,6.5,Safe to Transfer,"Pokemon GO API, Enhanced Curated Data",,,7.0,6,
321,Wailord,wild,7.0,Safe to Transfer,Pokemon GO API,,,7.0,,
322,Numel,wild,6.5,Safe to Transfer,"Pokemon GO API, Enhanced Curated Data",,,7.0,6,
323,Camerupt,wild,7.0,Safe to Transfer,Pokemon GO API,,,7.0,,
324,Torkoal,wild,7.0,Safe to Transfer,Pokemon GO API,,,7.0,,
325,Spoink,wild,7.0,Safe to Transfer,Pokemon GO API,,,7.0,,
326,Grumpig,wild,7.0,Safe to Transfer,Pokemon GO API,,,7.0,,
327,Spinda,event-only,7.0,Never Transfer (Event Only),Pokemon GO API,,,7.0,,
328,Trapinch,wild,7.0,Safe to Transfer,Pokemon GO API,,,7.0,,
329,Vibrava,wild,7.0,Safe to Transfer,Pokemon GO API,,,7.0,,
330,Flygon,wild,7.0,Safe to Transfer,Pokemon GO API,,,7.0,,
331,Cacnea,wild,6.5,Safe to Transfer,"Pokemon GO API, Enhanced Curated Data",,,7.0,6,
332,Cacturne,wild,7.0,Safe to Transfer,Pokemon GO API,,,7.0,,
333,Swablu,wild,7.0,Safe to Transfer,"Pokemon GO API, Enhanced Curated Data",,,7.0,7,
334,Altaria,wild,7.0,Safe to Transfer,Pokemon GO API,,,7.0,,
335,Zangoose,wild,5.0,Depends on Circumstances,"Pokemon GO API, Enhanced Curated Data",,,7.0,3,
336,Seviper,wild,5.0,Depends on Circumstances,"Pokemon GO API, Enhanced Curated Data",,,7.0,3,
337,Lunatone,wild,5.0,Depends on Circumstances,"Pokemon GO API, Enhanced Curated Data",,,7.0,3,
338,Solrock,wild,5.0,Depends on Circumstances,"Pokemon GO API, Enhanced Curated Data",,,7.0,3,
339,Barboach,wild,7.0,Safe to Transfer,"Pokemon GO API, Enhanced Curated Data",,,7.0,7,
340,Whiscash,wild,7.0,Safe to Transfer,Pokemon GO API,,,7.0,,
341,Corphish,wild,5.5,Depends on Circumstances,"Pokemon GO API, Enhanced Curated Data",,,7.0,4,
342,Crawdaunt,wild,7.0,Safe to Transfer,Pokemon GO API,,,7.0,,
343,Baltoy,wild,5.5,Depends on Circumstances,"Pokemon GO API, Enhanced Curated Data",,,7.0,4,
344,Claydol,wild,7.0,Safe to Transfer,Pokemon GO API,,,7.0,,
345,Lileep,wild,5.0,Depends on Circumstances,"Pokemon GO API, Enhanced Curated Data",,,7.0,3,
346,Cradily,wild,7.0,Safe to Transfer,Pokemon GO API,,,7.0,,
347,Anorith,wild,5.0,Depends on Circumstances,"Pokemon GO API, Enhanced Curated Data",,,7.0,3,
348,Armaldo,wild,7.0,Safe to Transfer,Pokemon GO API,,,7.0,,
349,Feebas,wild,4.5,Depends on Circumstances,"Pokemon GO API, Enhanced Curated Data",,,7.0,2,
350,Milotic,wild,7.0,Safe to Transfer,Pokemon GO API,,,7.0,,
351,Castform,wild,5.0,Depends on Circumstances,"Pokemon GO API, Enhanced Curated Data",,,7.0,3,
352,Kecleon,event-only,4.5,Never Transfer (Event Only),"Pokemon GO API, Enhanced Curated Data",,,7.0,2,
353,Shuppet,wild,5.5,Depends on Circumstances,"Pokemon GO API, Enhanced Curated Data",,,7.0,4,
354,Banette,wild,7.0,Safe to Transfer,Pokemon GO API,,,7.0,,
355,Duskull,wild,5.5,Depends on Circumstances,"Pokemon GO API, Enhanced Curated Data",,,7.0,4,
356,Dusclops,wild,7.0,Safe to Transfer,Pokemon GO API,,,7.0,,
357,Tropius,wild,5.0,Depends on Circumstances,"Pokemon GO API, Enhanced Curated Data",,,7.0,3,
358,Chimecho,wild,4.5,Depends on Circumstances,"Pokemon GO API, Enhanced Curated Data",,,7.0,2,
359,Absol,wild,4.5,Depends on Circumstances,"Pokemon GO API, Enhanced Curated Data",,,7.0,2,
360,Wynaut,wild,5.0,Depends on Circumstances,"Pokemon GO API, Enhanced Curated Data",,,7.0,3,
361,Snorunt,wild,5.5,Depends on Circumstances,"Pokemon GO API, Enhanced Curated Data",,,7.0,4,
362,Glalie,wild,7.0,Safe to Transfer,Pokemon GO API,,,7.0,,
363,Spheal,wild,5.5,Depends on Circumstances,"Pokemon GO API, Enhanced Curated Data",,,7.0,4,
364,Sealeo,wild,7.0,Safe to Transfer,Pokemon GO API,,,7.0,,
365,Walrein,wild,7.0,Safe to Transfer,Pokemon GO API,,,7.0,,
366,Clamperl,wild,5.0,Depends on Circumstances,"Pokemon GO API, Enhanced Curated Data",,,7.0,3,
367,Huntail,wild,7.0,Safe to Transfer,Pokemon GO API,,,7.0,,
368,Gorebyss,wild,7.0,Safe to Transfer,Pokemon GO API,,,7.0,,
369,Relicanth,wild,4.5,Depends on Circumstances,"Pokemon GO API, Enhanced Curated Data",,,7.0,2,
370,Luvdisc,wild,5.5,Depends on Circumstances,"Pokemon GO API, Enhanced Curated Data",,,7.0,4,
371,Bagon,wild,4.5,Depends on Circumstances,"Pokemon GO API, Enhanced Curated Data",,,7.0,2,
372,Shelgon,wild,7.0,Safe to Transfer,Pokemon GO API,,,7.0,,
373,Salamence,wild,7.0,Safe to Transfer,Pokemon GO API,,,7.0,,
374,Beldum,wild,4.5,Depends on Circumstances,"Pokemon GO API, Enhanced Curated Data",,,7.0,2,
375,Metang,wild,7.0,Safe to Transfer,Pokemon GO API,,,7.0,,
376,Metagross,wild,7.0,Safe to Transfer,Pokemon GO API,,,7.0,,
377,Regirock,legendary,0.0,Never Transfer (Legendary),Pokemon GO API,,,0.0,,
378,Regice,legendary,0.0,Never Transfer (Legendary),Pokemon GO API,,,0.0,,
379,Registeel,legendary,0.0,Never Transfer (Legendary),Pokemon GO API,,,0.0,,
380,Latias,legendary,0.0,Never Transfer (Legendary),Pokemon GO API,,,0.0,,
381,Latios,legendary,0.0,Never Transfer (Legendary),Pokemon GO API,,,0.0,,
382,Kyogre,legendary,0.0,Never Transfer (Legendary),Pokemon GO API,,,0.0,,
383,Groudon,legendary,0.0,Never Transfer (Legendary),Pokemon GO API,,,0.0,,
384,Rayquaza,legendary,0.0,Never Transfer (Legendary),Pokemon GO API,,,0.0,,
385,Jirachi,legendary,0.0,Never Transfer (Legendary),Pokemon GO API,,,0.0,,
386,Deoxys,legendary,0.0,Never Transfer (Legendary),Pokemon GO API,,,0.0,,
387,Turtwig,wild,6.5,Safe to Transfer,"Pokemon GO API, Enhanced Curated Data",,,7.0,6,
388,Grotle,wild,7.0,Safe to Transfer,Pokemon GO API,,,7.0,,
389,Torterra,wild,7.0,Safe to Transfer,Pokemon GO API,,,7.0,,
390,Chimchar,wild,6.5,Safe to Transfer,"Pokemon GO API, Enhanced Curated Data",,,7.0,6,
391,Monferno,wild,7.0,Safe to Transfer,Pokemon GO API,,,7.0,,
392,Infernape,wild,7.0,Safe to Transfer,Pokemon GO API,,,7.0,,
393,Piplup,wild,6.5,Safe to Transfer,"Pokemon GO API, Enhanced Curated Data",,,7.0,6,
394,Prinplup,wild,7.0,Safe to Transfer,Pokemon GO API,,,7.0,,
395,Empoleon,wild,7.0,Safe to Transfer,Pokemon GO API,,,7.0,,
396,Starly,wild,7.5,Safe to Transfer,"Pokemon GO API, Enhanced Curated Data",,,7.0,8,
397,Staravia,wild,7.0,Safe to Transfer,Pokemon GO API,,,7.0,,
398,Staraptor,wild,7.0,Safe to Transfer,Pokemon GO API,,,7.0,,
399,Bidoof,wild,8.0,Safe to Transfer,"Pokemon GO API, Enhanced Curated Data",,,7.0,9,
400,Bibarel,wild,7.0,Safe to Transfer,Pokemon GO API,,,7.0,,
401,Kricketot,wild,6.5,Safe to Transfer,"Pokemon GO API, Enhanced Curated Data",,,7.0,6,
402,Kricketune,wild,7.0,Safe to Transfer,Pokemon GO API,,,7.0,,
403,Shinx,wild,6.5,Safe to Transfer,"Pokemon GO API, Enhanced Curated Data",,,7.0,6,
404,Luxio,wild,7.0,Safe to Transfer,Pokemon GO API,,,7.0,,
405,Luxray,wild,7.0,Safe to Transfer,Pokemon GO API,,,7.0,,
406,Budew,wild,7.0,Safe to Transfer,Pokemon GO API,,,7.0,,
407,Roserade,wild,7.0,Safe to Transfer,Pokemon GO API,,,7.0,,
408,Cranidos,wild,4.5,Depends on Circumstances,"Pokemon GO API, Enhanced Curated Data",,,7.0,2,
409,Rampardos,wild,7.0,Safe to Transfer,Pokemon GO API,,,7.0,,
410,Shieldon,wild,4.5,Depends on Circumstances,"Pokemon GO API, Enhanced Curated Data",,,7.0,2,
411,Bastiodon,wild,7.0,Safe to Transfer,Pokemon GO API,,,7.0,,
412,Burmy,wild,7.0,Safe to Transfer,Pokemon GO API,,,7.0,,
413,Wormadam,wild,7.0,Safe to Transfer,Pokemon GO API,,,7.0,,
414,Mothim,wild,7.0,Safe to Transfer,Pokemon GO API,,,7.0,,
415,Combee,wild,7.0,Safe to Transfer,Pokemon GO API,,,7.0,,
416,Vespiquen,wild,7.0,Safe to Transfer,Pokemon GO API,,,7.0,,
417,Pachirisu,wild,7.0,Safe to Transfer,Pokemon GO API,,,7.0,,
418,Buizel,wild,6.5,Safe to Transfer,"Pokemon GO API, Enhanced Curated Data",,,7.0,6,
419,Floatzel,wild,7.0,Safe to Transfer,Pokemon GO API,,,7.0,,
420,Cherubi,wild,6.0,Safe to Transfer,"Pokemon GO API, Enhanced Curated Data",,,7.0,5,
421,Cherrim,wild,7.0,Safe to Transfer,Pokemon GO API,,,7.0,,
422,Shellos,wild,6.5,Safe to Transfer,"Pokemon GO API, Enhanced Curated Data",,,7.0,6,
423,Gastrodon,wild,7.0,Safe to Transfer,Pokemon GO API,,,7.0,,
424,Ambipom,wild,7.0,Safe to Transfer,Pokemon GO API,,,7.0,,
425,Drifloon,wild,6.0,Safe to Transfer,"Pokemon GO API, Enhanced Curated Data",,,7.0,5,
426,Drifblim,wild,7.0,Safe to Transfer,Pokemon GO API,,,7.0,,
427,Buneary,wild,6.5,Safe to Transfer,"Pokemon GO API, Enhanced Curated Data",,,7.0,6,
428,Lopunny,wild,7.0,Safe to Transfer,Pokemon GO API,,,7.0,,
429,Mismagius,wild,7.0,Safe to Transfer,Pokemon GO API,,,7.0,,
430,Honchkrow,wild,7.0,Safe to Transfer,Pokemon GO API,,,7.0,,
431,Glameow,wild,6.0,Safe to Transfer,"Pokemon GO API, Enhanced Curated Data",,,7.0,5,
432,Purugly,wild,7.0,Safe to Transfer,Pokemon GO API,,,7.0,,
433,Chingling,wild,4.5,Depends on Circumstances,"Pokemon GO API, Enhanced Curated Data",,,7.0,2,
434,Stunky,wild,6.0,Safe to Transfer,"Pokemon GO API, Enhanced Curated Data",,,7.0,5,
435,Skuntank,wild,7.0,Safe to Transfer,Pokemon GO API,,,7.0,,
436,Bronzor,wild,6.0,Safe to Transfer,"Pokemon GO API, Enhanced Curated Data",,,7.0,5,
437,Bronzong,wild,7.0,Safe to Transfer,Pokemon GO API,,,7.0,,
438,Bonsly,wild,5.0,Depends on Circumstances,"Pokemon GO API, Enhanced Curated Data",,,7.0,3,
439,Mime Jr.,wild,4.5,Depends on Circumstances,"Pokemon GO API, Enhanced Curated Data",,,7.0,2,
440,Happiny,wild,4.5,Depends on Circumstances,"Pokemon GO API, Enhanced Curated Data",,,7.0,2,
441,Chatot,event-only,4.0,Never Transfer (Event Only),"Pokemon GO API, Enhanced Curated Data",,,7.0,1,
442,Spiritomb,event-only,4.0,Never Transfer (Event Only),"Pokemon GO API, Enhanced Curated Data",,,7.0,1,
443,Gible,wild,4.0,Depends on Circumstances,"Pokemon GO API, Enhanced Curated Data",,,7.0,1,
444,Gabite,wild,7.0,Safe to Transfer,Pokemon GO API,,,7.0,,
445,Garchomp,wild,7.0,Safe to Transfer,Pokemon GO API,,,7.0,,
446,Munchlax,wild,4.5,Depends on Circumstances,"Pokemon GO API, Enhanced Curated Data",,,7.0,2,
447,Riolu,wild,4.5,Depends on Circumstances,"Pokemon GO API, Enhanced Curated Data",,,7.0,2,
448,Lucario,wild,7.0,Safe to Transfer,Pokemon GO API,,,7.0,,
449,Hippopotas,wild,7.0,Safe to Transfer,Pokemon GO API,,,7.0,,
450,Hippowdon,wild,7.0,Safe to Transfer,Pokemon GO API,,,7.0,,
451,Skorupi,wild,7.0,Safe to Transfer,Pokemon GO API,,,7.0,,
452,Drapion,wild,7.0,Safe to Transfer,Pokemon GO API,,,7.0,,
453,Croagunk,wild,7.0,Safe to Transfer,Pokemon GO API,,,7.0,,
454,Toxicroak,wild,7.0,Safe to Transfer,Pokemon GO API,,,7.0,,
455,Carnivine,wild,4.5,Depends on Circumstances,"Pokemon GO API, Enhanced Curated Data",,,7.0,2,
456,Finneon,wild,6.5,Safe to Transfer,"Pokemon GO API, Enhanced Curated Data",,,7.0,6,
457,Lumineon,wild,7.0,Safe to Transfer,Pokemon GO API,,,7.0,,
458,Mantyke,wild,5.0,Depends on Circumstances,"Pokemon GO API, Enhanced Curated Data",,,7.0,3,
459,Snover,wild,6.5,Safe to Transfer,"Pokemon GO API, Enhanced Curated Data",,,7.0,6,
460,Abomasnow,wild,7.0,Safe to Transfer,Pokemon GO API,,,7.0,,
461,Weavile,wild,7.0,Safe to Transfer,Pokemon GO API,,,7.0,,
462,Magnezone,wild,7.0,Safe to Transfer,Pokemon GO API,,,7.0,,
463,Lickilicky,wild,7.0,Safe to Transfer,Pokemon GO API,,,7.0,,
464,Rhyperior,wild,7.0,Safe to Transfer,Pokemon GO API,,,7.0,,
465,Tangrowth,wild,7.0,Safe to Transfer,Pokemon GO API,,,7.0,,
466,Electivire,wild,7.0,Safe to Transfer,Pokemon GO API,,,7.0,,
467,Magmortar,wild,7.0,Safe to Transfer,Pokemon GO API,,,7.0,,
468,Togekiss,wild,7.0,Safe to Transfer,Pokemon GO API,,,7.0,,
469,Yanmega,wild,7.0,Safe to Transfer,Pokemon GO API,,,7.0,,
470,Leafeon,wild,7.0,Safe to Transfer,Pokemon GO API,,,7.0,,
471,Glaceon,wild,7.0,Safe to Transfer,Pokemon GO API,,,7.0,,
472,Gliscor,wild,7.0,Safe to Transfer,Pokemon GO API,,,7.0,,
473,Mamoswine,wild,7.0,Safe to Transfer,Pokemon GO API,,,7.0,,
474,Porygon-Z,wild,7.0,Safe to Transfer,Pokemon GO API,,,7.0,,
475,Gallade,wild,7.0,Safe to Transfer,Pokemon GO API,,,7.0,,
476,Probopass,wild,7.0,Safe to Transfer,Pokemon GO API,,,7.0,,
477,Dusknoir,wild,7.0,Safe to Transfer,Pokemon GO API,,,7.0,,
478,Froslass,wild,7.0,Safe to Transfer,Pokemon GO API,,,7.0,,
479,Rotom,event-only,4.5,Never Transfer (Event Only),"Pokemon GO API, Enhanced Curated Data",,,7.0,2,
480,Uxie,legendary,0.0,Never Transfer (Legendary),Pokemon GO API,,,0.0,,
481,Mesprit,legendary,0.0,Never Transfer (Legendary),Pokemon GO API,,,0.0,,
482,Azelf,legendary,0.0,Never Transfer (Legendary),Pokemon GO API,,,0.0,,
483,Dialga,legendary,0.0,Never Transfer (Legendary),Pokemon GO API,,,0.0,,
484,Palkia,legendary,0.0,Never Transfer (Legendary),Pokemon GO API,,,0.0,,
485,Heatran,legendary,0.0,Never Transfer (Legendary),Pokemon GO API,,,0.0,,
486,Regigigas,legendary,0.0,Never Transfer (Legendary),Pokemon GO API,,,0.0,,
487,Giratina,legendary,0.0,Never Transfer (Legendary),Pokemon GO API,,,0.0,,
488,Cresselia,legendary,0.0,Never Transfer (Legendary),Pokemon GO API,,,0.0,,
489,Phione,legendary,0.0,Never Transfer (Legendary),Pokemon GO API,,,0.0,,
490,Manaphy,legendary,0.0,Never Transfer (Legendary),Pokemon GO API,,,0.0,,
491,Darkrai,legendary,0.0,Never Transfer (Legendary),Pokemon GO API,,,0.0,,
492,Shaymin,legendary,0.0,Never Transfer (Legendary),Pokemon GO API,,,0.0,,
493,Arceus,legendary,0.0,Never Transfer (Legendary),Pokemon GO API,,,0.0,,
494,Victini,legendary,0.0,Never Transfer (Legendary),Pokemon GO API,,,0.0,,
495,Snivy,wild,6.5,Safe to Transfer,"Pokemon GO API, Enhanced Curated Data",,,7.0,6,
496,Servine,wild,7.0,Safe to Transfer,Pokemon GO API,,,7.0,,
497,Serperior,wild,7.0,Safe to Transfer,Pokemon GO API,,,7.0,,
498,Tepig,wild,6.5,Safe to Transfer,"Pokemon GO API, Enhanced Curated Data",,,7.0,6,
499,Pignite,wild,7.0,Safe to Transfer,Pokemon GO API,,,7.0,,
500,Emboar,wild,7.0,Safe to Transfer,Pokemon GO API,,,7.0,,
501,Oshawott,wild,6.5,Safe to Transfer,"Pokemon GO API, Enhanced Curated Data",,,7.0,6,
502,Dewott,wild,7.0,Safe to Transfer,Pokemon GO API,,,7.0,,
503,Samurott,wild,7.0,Safe to Transfer,Pokemon GO API,,,7.0,,
503,Hisuian Samurott,wild,1,Should Always Trade,Enhanced Curated Data,,,,1,
504,Patrat,wild,7.5,Safe to Transfer,"Pokemon GO API, Enhanced Curated Data",,,7.0,8,
505,Watchog,wild,7.0,Safe to Transfer,Pokemon GO API,,,7.0,,
506,Lillipup,wild,7.5,Safe to Transfer,"Pokemon GO API, Enhanced Curated Data",,,7.0,8,
507,Herdier,wild,7.0,Safe to Transfer,Pokemon GO API,,,7.0,,
508,Stoutland,wild,7.0,Safe to Transfer,Pokemon GO API,,,7.0,,
509,Purrloin,wild,7.0,Safe to Transfer,Pokemon GO API,,,7.0,,
510,Liepard,wild,7.0,Safe to Transfer,Pokemon GO API,,,7.0,,
511,Pansage,wild,7.0,Safe to Transfer,Pokemon GO API,,,7.0,,
512,Simisage,wild,7.0,Safe to Transfer,Pokemon GO API,,,7.0,,
513,Pansear,wild,7.0,Safe to Transfer,Pokemon GO API,,,7.0,,
514,Simisear,wild,7.0,Safe to Transfer,Pokemon GO API,,,7.0,,
515,Panpour,wild,7.0,Safe to Transfer,Pokemon GO API,,,7.0,,
516,Simipour,wild,7.0,Safe to Transfer,Pokemon GO API,,,7.0,,
517,Munna,wild,7.0,Safe to Transfer,Pokemon GO API,,,7.0,,
518,Musharna,wild,7.0,Safe to Transfer,Pokemon GO API,,,7.0,,
519,Pidove,wild,7.5,Safe to Transfer,"Pokemon GO API, Enhanced Curated Data",,,7.0,8,
520,Tranquill,wild,7.0,Safe to Transfer,Pokemon GO API,,,7.0,,
521,Unfezant,wild,7.0,Safe to Transfer,Pokemon GO API,,,7.0,,
522,Blitzle,wild,7.0,Safe to Transfer,Pokemon GO API,,,7.0,,
523,Zebstrika,wild,7.0,Safe to Transfer,Pokemon GO API,,,7.0,,
524,Roggenrola,wild,6.5,Safe to Transfer,"Pokemon GO API, Enhanced Curated Data",,,7.0,6,
525,Boldore,wild,7.0,Safe to Transfer,Pokemon GO API,,,7.0,,
526,Gigalith,wild,7.0,Safe to Transfer,Pokemon GO API,,,7.0,,
527,Woobat,wild,6.5,Safe to Transfer,"Pokemon GO API, Enhanced Curated Data",,,7.0,6,
528,Swoobat,wild,7.0,Safe to Transfer,Pokemon GO API,,,7.0,,
529,Drilbur,wild,6.0,Safe to Transfer,"Pokemon GO API, Enhanced Curated Data",,,7.0,5,
530,Excadrill,wild,7.0,Safe to Transfer,Pokemon GO API,,,7.0,,
531,Audino,wild,5.5,Depends on Circumstances,"Pokemon GO API, Enhanced Curated Data",,,7.0,4,
532,Timburr,wild,5.5,Depends on Circumstances,"Pokemon GO API, Enhanced Curated Data",,,7.0,4,
533,Gurdurr,wild,7.0,Safe to Transfer,Pokemon GO API,,,7.0,,
534,Conkeldurr,wild,7.0,Safe to Transfer,Pokemon GO API,,,7.0,,
535,Tympole,wild,6.5,Safe to Transfer,"Pokemon GO API, Enhanced Curated Data",,,7.0,6,
536,Palpitoad,wild,7.0,Safe to Transfer,Pokemon GO API,,,7.0,,
537,Seismitoad,wild,7.0,Safe to Transfer,Pokemon GO API,,,7.0,,
538,Throh,wild,5.0,Depends on Circumstances,"Pokemon GO API, Enhanced Curated Data",,,7.0,3,
539,Sawk,wild,5.0,Depends on Circumstances,"Pokemon GO API, Enhanced Curated Data",,,7.0,3,
540,Sewaddle,wild,6.0,Safe to Transfer,"Pokemon GO API, Enhanced Curated Data",,,7.0,5,
541,Swadloon,wild,7.0,Safe to Transfer,Pokemon GO API,,,7.0,,
542,Leavanny,wild,7.0,Safe to Transfer,Pokemon GO API,,,7.0,,
543,Venipede,wild,6.0,Safe to Transfer,"Pokemon GO API, Enhanced Curated Data",,,7.0,5,
544,Whirlipede,wild,7.0,Safe to Transfer,Pokemon GO API,,,7.0,,
545,Scolipede,wild,7.0,Safe to Transfer,Pokemon GO API,,,7.0,,
546,Cottonee,wild,6.0,Safe to Transfer,"Pokemon GO API, Enhanced Curated Data",,,7.0,5,
547,Whimsicott,wild,7.0,Safe to Transfer,Pokemon GO API,,,7.0,,
548,Petilil,wild,6.0,Safe to Transfer,"Pokemon GO API, Enhanced Curated Data",,,7.0,5,
549,Lilligant,wild,7.0,Safe to Transfer,Pokemon GO API,,,7.0,,
549,Hisuian Lilligant,wild,1,Should Always Trade,Enhanced Curated Data,,,,1,
550,Basculin,wild,6.0,Safe to Transfer,"Pokemon GO API, Enhanced Curated Data",,,7.0,5,
551,Sandile,wild,6.0,Safe to Transfer,"Pokemon GO API, Enhanced Curated Data",,,7.0,5,
552,Krokorok,wild,7.0,Safe to Transfer,Pokemon GO API,,,7.0,,
553,Krookodile,wild,7.0,Safe to Transfer,Pokemon GO API,,,7.0,,
554,Darumaka,wild,6.0,Safe to Transfer,"Pokemon GO API, Enhanced Curated Data",,,7.0,5,
554,Galarian Darumaka,wild,3,Depends on Circumstances,Enhanced Curated Data,,,,3,
555,Darmanitan,wild,7.0,Safe to Transfer,Pokemon GO API,,,7.0,,
555,Galarian Darmanitan,wild,4.0,Depends on Circumstances,Inferred,,,,,4.0
556,Maractus,wild,4.5,Depends on Circumstances,"Pokemon GO API, Enhanced Curated Data",,,7.0,2,
557,Dwebble,wild,6.0,Safe to Transfer,"Pokemon GO API, Enhanced Curated Data",,,7.0,5,
558,Crustle,wild,7.0,Safe to Transfer,Pokemon GO API,,,7.0,,
559,Scraggy,wild,6.0,Safe to Transfer,"Pokemon GO API, Enhanced Curated Data",,,7.0,5,
560,Scrafty,wild,7.0,Safe to Transfer,Pokemon GO API,,,7.0,,
561,Sigilyph,wild,4.5,Depends on Circumstances,"Pokemon GO API, Enhanced Curated Data",,,7.0,2,
562,Yamask,wild,5.0,Depends on Circumstances,"Pokemon GO API, Enhanced Curated Data",,,7.0,3,
562,Galarian Yamask,wild,3,Depends on Circumstances,Enhanced Curated Data,,,,3,
563,Cofagrigus,wild,7.0,Safe to Transfer,Pokemon GO API,,,7.0,,
564,Tirtouga,wild,4.5,Depends on Circumstances,"Pokemon GO API, Enhanced Curated Data",,,7.0,2,
565,Carracosta,wild,7.0,Safe to Transfer,Pokemon GO API,,,7.0,,
566,Archen,wild,4.5,Depends on Circumstances,"Pokemon GO API, Enhanced Curated Data",,,7.0,2,
567,Archeops,wild,7.0,Safe to Transfer,Pokemon GO API,,,7.0,,
568,Trubbish,wild,6.5,Safe to Transfer,"Pokemon GO API, Enhanced Curated Data",,,7.0,6,
569,Garbodor,wild,7.0,Safe to Transfer,Pokemon GO API,,,7.0,,
570,Zorua,wild,4.0,Depends on Circumstances,"Pokemon GO API, Enhanced Curated Data",,,7.0,1,
570,Hisuian Zorua,wild,1,Should Always Trade,Enhanced Curated Data,,,,1,
571,Zoroark,wild,7.0,Safe to Transfer,Pokemon GO API,,,7.0,,
571,Hisuian Zoroark,wild,1,Should Always Trade,Enhanced Curated Data,,,,1,
572,Minccino,wild,6.0,Safe to Transfer,"Pokemon GO API, Enhanced Curated Data",,,7.0,5,
573,Cinccino,wild,7.0,Safe to Transfer,Pokemon GO API,,,7.0,,
574,Gothita,wild,6.0,Safe to Transfer,"Pokemon GO API, Enhanced Curated Data",,,7.0,5,
575,Gothorita,wild,7.0,Safe to Transfer,Pokemon GO API,,,7.0,,
576,Gothitelle,wild,7.0,Safe to Transfer,Pokemon GO API,,,7.0,,
577,Solosis,wild,6.0,Safe to Transfer,"Pokemon GO API, Enhanced Curated Data",,,7.0,5,
578,Duosion,wild,7.0,Safe to Transfer,Pokemon GO API,,,7.0,,
579,Reuniclus,wild,7.0,Safe to Transfer,Pokemon GO API,,,7.0,,
580,Ducklett,wild,6.0,Safe to Transfer,"Pokemon GO API, Enhanced Curated Data",,,7.0,5,
581,Swanna,wild,7.0,Safe to Transfer,Pokemon GO API,,,7.0,,
582,Vanillite,wild,6.0,Safe to Transfer,"Pokemon GO API, Enhanced Curated Data",,,7.0,5,
583,Vanillish,wild,7.0,Safe to Transfer,Pokemon GO API,,,7.0,,
584,Vanilluxe,wild,7.0,Safe to Transfer,Pokemon GO API,,,7.0,,
585,Deerling,wild,6.0,Safe to Transfer,"Pokemon GO API, Enhanced Curated Data",,,7.0,5,
586,Sawsbuck,wild,7.0,Safe to Transfer,Pokemon GO API,,,7.0,,
587,Emolga,wild,4.5,Depends on Circumstances,"Pokemon GO API, Enhanced Curated Data",,,7.0,2,
588,Karrablast,wild,5.0,Depends on Circumstances,"Pokemon GO API, Enhanced Curated Data",,,7.0,3,
589,Escavalier,wild,7.0,Safe to Transfer,Pokemon GO API,,,7.0,,
590,Foongus,wild,6.0,Safe to Transfer,"Pokemon GO API, Enhanced Curated Data",,,7.0,5,
591,Amoonguss,wild,7.0,Safe to Transfer,Pokemon GO API,,,7.0,,
592,Frillish,wild,6.0,Safe to Transfer,"Pokemon GO API, Enhanced Curated Data",,,7.0,5,
593,Jellicent,wild,7.0,Safe to Transfer,Pokemon GO API,,,7.0,,
594,Alomomola,wild,4.5,Depends on Circumstances,"Pokemon GO API, Enhanced Curated Data",,,7.0,2,
595,Joltik,wild,6.0,Safe to Transfer,"Pokemon GO API, Enhanced Curated Data",,,7.0,5,
596,Galvantula,wild,7.0,Safe to Transfer,Pokemon GO API,,,7.0,,
597,Ferroseed,wild,6.0,Safe to Transfer,"Pokemon GO API, Enhanced Curated Data",,,7.0,5,
598,Ferrothorn,wild,7.0,Safe to Transfer,Pokemon GO API,,,7.0,,
599,Klink,wild,5.5,Depends on Circumstances,"Pokemon GO API, Enhanced Curated Data",,,7.0,4,
600,Klang,wild,7.0,Safe to Transfer,Pokemon GO API,,,7.0,,
601,Klinklang,wild,7.0,Safe to Transfer,Pokemon GO API,,,7.0,,
602,Tynamo,wild,4.5,Depends on Circumstances,"Pokemon GO API, Enhanced Curated Data",,,7.0,2,
603,Eelektrik,wild,7.0,Safe to Transfer,Pokemon GO API,,,7.0,,
604,Eelektross,wild,7.0,Safe to Transfer,Pokemon GO API,,,7.0,,
605,Elgyem,wild,4.5,Depends on Circumstances,"Pokemon GO API, Enhanced Curated Data",,,7.0,2,
606,Beheeyem,wild,7.0,Safe to Transfer,Pokemon GO API,,,7.0,,
607,Litwick,wild,6.0,Safe to Transfer,"Pokemon GO API, Enhanced Curated Data",,,7.0,5,
608,Lampent,wild,7.0,Safe to Transfer,Pokemon GO API,,,7.0,,
609,Chandelure,wild,7.0,Safe to Transfer,Pokemon GO API,,,7.0,,
610,Axew,wild,4.0,Depends on Circumstances,"Pokemon GO API, Enhanced Curated Data",,,7.0,1,
611,Fraxure,wild,7.0,Safe to Transfer,Pokemon GO API,,,7.0,,
612,Haxorus,wild,7.0,Safe to Transfer,Pokemon GO API,,,7.0,,
613,Cubchoo,wild,6.0,Safe to Transfer,"Pokemon GO API, Enhanced Curated Data",,,7.0,5,
614,Beartic,wild,7.0,Safe to Transfer,Pokemon GO API,,,7.0,,
615,Cryogonal,wild,4.5,Depends on Circumstances,"Pokemon GO API, Enhanced Curated Data",,,7.0,2,
616,Shelmet,wild,5.5,Depends on Circumstances,"Pokemon GO API, Enhanced Curated Data",,,7.0,4,
617,Accelgor,wild,7.0,Safe to Transfer,Pokemon GO API,,,7.0,,
618,Stunfisk,wild,4.5,Depends on Circumstances,"Pokemon GO API, Enhanced Curated Data",,,7.0,2,
618,Galarian Stunfisk,wild,3,Depends on Circumstances,Enhanced Curated Data,,,,3,
619,Mienfoo,wild,6.0,Safe to Transfer,"Pokemon GO API, Enhanced Curated Data",,,7.0,5,
620,Mienshao,wild,7.0,Safe to Transfer,Pokemon GO API,,,7.0,,
621,Druddigon,wild,4.5,Depends on Circumstances,"Pokemon GO API, Enhanced Curated Data",,,7.0,2,
622,Golett,wild,5.5,Depends on Circumstances,"Pokemon GO API, Enhanced Curated Data",,,7.0,4,
623,Golurk,wild,7.0,Safe to Transfer,Pokemon GO API,,,7.0,,
624,Pawniard,wild,5.5,Depends on Circumstances,"Pokemon GO API, Enhanced Curated Data",,,7.0,4,
625,Bisharp,wild,7.0,Safe to Transfer,Pokemon GO API,,,7.0,,
626,Bouffalant,wild,4.5,Depends on Circumstances,"Pokemon GO API, Enhanced Curated Data",,,7.0,2,
627,Rufflet,wild,4.5,Depends on Circumstances,"Pokemon GO API, Enhanced Curated Data",,,7.0,2,
628,Braviary,wild,7.0,Safe to Transfer,Pokemon GO API,,,7.0,,
628,Hisuian Braviary,wild,1,Should Always Trade,Enhanced Curated Data,,,,1,
629,Vullaby,wild,4.5,Depends on Circumstances,"Pokemon GO API, Enhanced Curated Data",,,7.0,2,
630,Mandibuzz,wild,7.0,Safe to Transfer,Pokemon GO API,,,7.0,,
631,Heatmor,wild,4.5,Depends on Circumstances,"Pokemon GO API, Enhanced Curated Data",,,7.0,2,
632,Durant,wild,4.5,Depends on Circumstances,"Pokemon GO API, Enhanced Curated Data",,,7.0,2,
633,Deino,wild,4.0,Depends on Circumstances,"Pokemon GO API, Enhanced Curated Data",,,7.0,1,
634,Zweilous,wild,7.0,Safe to Transfer,Pokemon GO API,,,7.0,,
635,Hydreigon,wild,7.0,Safe to Transfer,Pokemon GO API,,,7.0,,
636,Larvesta,wild,4.0,Depends on Circumstances,"Pokemon GO API, Enhanced Curated Data",,,7.0,1,
637,Volcarona,wild,7.0,Safe to Transfer,Pokemon GO API,,,7.0,,
638,Cobalion,legendary,0.0,Never Transfer (Legendary),Pokemon GO API,,,0.0,,
639,Terrakion,legendary,0.0,Never Transfer (Legendary),Pokemon GO API,,,0.0,,
640,Virizion,legendary,0.0,Never Transfer (Legendary),Pokemon GO API,,,0.0,,
641,Tornadus,legendary,0.0,Never Transfer (Legendary),Pokemon GO API,,,0.0,,
642,Thundurus,legendary,0.0,Never Transfer (Legendary),Pokemon GO API,,,0.0,,
643,Reshiram,legendary,0.0,Never Transfer (Legendary),Pokemon GO API,,,0.0,,
644,Zekrom,legendary,0.0,Never Transfer (Legendary),Pokemon GO API,,,0.0,,
645,Landorus,legendary,0.0,Never Transfer (Legendary),Pokemon GO API,,,0.0,,
646,Kyurem,legendary,0.0,Never Transfer (Legendary),Pokemon GO API,,,0.0,,
647,Keldeo,legendary,0.0,Never Transfer (Legendary),Pokemon GO API,,,0.0,,
648,Meloetta,legendary,0.0,Never Transfer (Legendary),Pokemon GO API,,,0.0,,
649,Genesect,legendary,0.0,Never Transfer (Legendary),Pokemon GO API,,,0.0,,
650,Chespin,wild,6.5,Safe to Transfer,"Pokemon GO API, Enhanced Curated Data",,,7.0,6,
651,Quilladin,wild,7.0,Safe to Transfer,Pokemon GO API,,,7.0,,
652,Chesnaught,wild,7.0,Safe to Transfer,Pokemon GO API,,,7.0,,
653,Fennekin,wild,6.5,Safe to Transfer,"Pokemon GO API, Enhanced Curated Data",,,7.0,6,
654,Braixen,wild,7.0,Safe to Transfer,Pokemon GO API,,,7.0,,
655,Delphox,wild,7.0,Safe to Transfer,Pokemon GO API,,,7.0,,
656,Froakie,wild,6.5,Safe to Transfer,"Pokemon GO API, Enhanced Curated Data",,,7.0,6,
657,Frogadier,wild,7.0,Safe to Transfer,Pokemon GO API,,,7.0,,
658,Greninja,wild,7.0,Safe to Transfer,Pokemon GO API,,,7.0,,
659,Bunnelby,wild,7.5,Safe to Transfer,"Pokemon GO API, Enhanced Curated Data",,,7.0,8,
660,Diggersby,wild,7.0,Safe to Transfer,Pokemon GO API,,,7.0,,
661,Fletchling,wild,7.5,Safe to Transfer,"Pokemon GO API, Enhanced Curated Data",,,7.0,8,
662,Fletchinder,wild,7.0,Safe to Transfer,Pokemon GO API,,,7.0,,
663,Talonflame,wild,7.0,Safe to Transfer,Pokemon GO API,,,7.0,,
664,Scatterbug,wild,7.0,Safe to Transfer,Pokemon GO API,,,7.0,,
665,Spewpa,wild,7.0,Safe to Transfer,Pokemon GO API,,,7.0,,
666,Vivillon,wild,7.0,Safe to Transfer,Pokemon GO API,,,7.0,,
667,Litleo,wild,6.0,Safe to Transfer,"Pokemon GO API, Enhanced Curated Data",,,7.0,5,
668,Pyroar,wild,7.0,Safe to Transfer,Pokemon GO API,,,7.0,,
669,Flabébé,wild,5,Depends on Circumstances,Enhanced Curated Data,,,,5,
670,Floette,wild,7.0,Safe to Transfer,Pokemon GO API,,,7.0,,
671,Florges,wild,7.0,Safe to Transfer,Pokemon GO API,,,7.0,,
672,Skiddo,wild,6.0,Safe to Transfer,"Pokemon GO API, Enhanced Curated Data",,,7.0,5,
673,Gogoat,wild,7.0,Safe to Transfer,Pokemon GO API,,,7.0,,
674,Pancham,wild,5.5,Depends on Circumstances,"Pokemon GO API, Enhanced Curated Data",,,7.0,4,
675,Pangoro,wild,7.0,Safe to Transfer,Pokemon GO API,,,7.0,,
676,Furfrou,wild,5.0,Depends on Circumstances,"Pokemon GO API, Enhanced Curated Data",,,7.0,3,
677,Espurr,wild,6.0,Safe to Transfer,"Pokemon GO API, Enhanced Curated Data",,,7.0,5,
678,Meowstic,wild,7.0,Safe to Transfer,Pokemon GO API,,,7.0,,
679,Honedge,wild,5.5,Depends on Circumstances,"Pokemon GO API, Enhanced Curated Data",,,7.0,4,
680,Doublade,wild,7.0,Safe to Transfer,Pokemon GO API,,,7.0,,
681,Aegislash,wild,7.0,Safe to Transfer,Pokemon GO API,,,7.0,,
682,Spritzee,wild,5.5,Depends on Circumstances,"Pokemon GO API, Enhanced Curated Data",,,7.0,4,
683,Aromatisse,wild,7.0,Safe to Transfer,Pokemon GO API,,,7.0,,
684,Swirlix,wild,5.5,Depends on Circumstances,"Pokemon GO API, Enhanced Curated Data",,,7.0,4,
685,Slurpuff,wild,7.0,Safe to Transfer,Pokemon GO API,,,7.0,,
686,Inkay,wild,5.5,Depends on Circumstances,"Pokemon GO API, Enhanced Curated Data",,,7.0,4,
687,Malamar,wild,7.0,Safe to Transfer,Pokemon GO API,,,7.0,,
688,Binacle,wild,6.0,Safe to Transfer,"Pokemon GO API, Enhanced Curated Data",,,7.0,5,
689,Barbaracle,wild,7.0,Safe to Transfer,Pokemon GO API,,,7.0,,
690,Skrelp,wild,6.0,Safe to Transfer,"Pokemon GO API, Enhanced Curated Data",,,7.0,5,
691,Dragalge,wild,7.0,Safe to Transfer,Pokemon GO API,,,7.0,,
692,Clauncher,wild,6.0,Safe to Transfer,"Pokemon GO API, Enhanced Curated Data",,,7.0,5,
693,Clawitzer,wild,7.0,Safe to Transfer,Pokemon GO API,,,7.0,,
694,Helioptile,wild,6.0,Safe to Transfer,"Pokemon GO API, Enhanced Curated Data",,,7.0,5,
695,Heliolisk,wild,7.0,Safe to Transfer,Pokemon GO API,,,7.0,,
696,Tyrunt,wild,5.0,Depends on Circumstances,"Pokemon GO API, Enhanced Curated Data",,,7.0,3,
697,Tyrantrum,wild,7.0,Safe to Transfer,Pokemon GO API,,,7.0,,
698,Amaura,wild,5.0,Depends on Circumstances,"Pokemon GO API, Enhanced Curated Data",,,7.0,3,
699,Aurorus,wild,7.0,Safe to Transfer,Pokemon GO API,,,7.0,,
700,Sylveon,wild,7.0,Safe to Transfer,Pokemon GO API,,,7.0,,
701,Hawlucha,wild,5.5,Depends on Circumstances,"Pokemon GO API, Enhanced Curated Data",,,7.0,4,
702,Dedenne,wild,5.5,Depends on Circumstances,"Pokemon GO API, Enhanced Curated Data",,,7.0,4,
703,Carbink,wild,5.0,Depends on Circumstances,"Pokemon GO API, Enhanced Curated Data",,,7.0,3,
704,Goomy,wild,4.5,Depends on Circumstances,"Pokemon GO API, Enhanced Curated Data",,,7.0,2,
705,Sliggoo,wild,7.0,Safe to Transfer,Pokemon GO API,,,7.0,,
705,Hisuian Sliggoo,wild,1,Should Always Trade,Enhanced Curated Data,,,,1,
706,Goodra,wild,7.0,Safe to Transfer,Pokemon GO API,,,7.0,,
706,Hisuian Goodra,wild,1,Should Always Trade,Enhanced Curated Data,,,,1,
707,Klefki,wild,5.5,Depends on Circumstances,"Pokemon GO API, Enhanced Curated Data",,,7.0,4,
708,Phantump,wild,5.5,Depends on Circumstances,"Pokemon GO API, Enhanced Curated Data",,,7.0,4,
709,Trevenant,wild,7.0,Safe to Transfer,Pokemon GO API,,,7.0,,
710,Pumpkaboo,wild,5.5,Depends on Circumstances,"Pokemon GO API, Enhanced Curated Data",,,7.0,4,
711,Gourgeist,wild,7.0,Safe to Transfer,Pokemon GO API,,,7.0,,
712,Bergmite,wild,6.0,Safe to Transfer,"Pokemon GO API, Enhanced Curated Data",,,7.0,5,
713,Avalugg,wild,7.0,Safe to Transfer,Pokemon GO API,,,7.0,,
713,Hisuian Avalugg,wild,1,Should Always Trade,Enhanced Curated Data,,,,1,
714,Noibat,wild,5.5,Depends on Circumstances,"Pokemon GO API, Enhanced Curated Data",,,7.0,4,
715,Noivern,wild,7.0,Safe to Transfer,Pokemon GO API,,,7.0,,
716,Xerneas,legendary,0.0,Never Transfer (Legendary),Pokemon GO API,,,0.0,,
717,Yveltal,legendary,0.0,Never Transfer (Legendary),Pokemon GO API,,,0.0,,
718,Zygarde,legendary,0.0,Never Transfer (Legendary),Pokemon GO API,,,0.0,,
719,Diancie,legendary,0.0,Never Transfer (Legendary),Pokemon GO API,,,0.0,,
720,Hoopa,legendary,0.0,Never Transfer (Legendary),Pokemon GO API,,,0.0,,
721,Volcanion,legendary,0.0,Never Transfer (Legendary),Pokemon GO API,,,0.0,,
722,Rowlet,wild,6.5,Safe to Transfer,"Pokemon GO API, Enhanced Curated Data",,,7.0,6,
723,Dartrix,wild,7.0,Safe to Transfer,Pokemon GO API,,,7.0,,
724,Decidueye,wild,7.0,Safe to Transfer,Pokemon GO API,,,7.0,,
724,Hisuian Decidueye,wild,1,Should Always Trade,Enhanced Curated Data,,,,1,
725,Litten,wild,6.5,Safe to Transfer,"Pokemon GO API, Enhanced Curated Data",,,7.0,6,
726,Torracat,wild,7.0,Safe to Transfer,Pokemon GO API,,,7.0,,
727,Incineroar,wild,7.0,Safe to Transfer,Pokemon GO API,,,7.0,,
728,Popplio,wild,6.5,Safe to Transfer,"Pokemon GO API, Enhanced Curated Data",,,7.0,6,
729,Brionne,wild,7.0,Safe to Transfer,Pokemon GO API,,,7.0,,
730,Primarina,wild,7.0,Safe to Transfer,Pokemon GO API,,,7.0,,
731,Pikipek,wild,7.5,Safe to Transfer,"Pokemon GO API, Enhanced Curated Data",,,7.0,8,
732,Trumbeak,wild,7.0,Safe to Transfer,Pokemon GO API,,,7.0,,
733,Toucannon,wild,7.0,Safe to Transfer,Pokemon GO API,,,7.0,,
734,Yungoos,wild,7.5,Safe to Transfer,"Pokemon GO API, Enhanced Curated Data",,,7.0,8,
735,Gumshoos,wild,7.0,Safe to Transfer,Pokemon GO API,,,7.0,,
736,Grubbin,wild,6.0,Safe to Transfer,"Pokemon GO API, Enhanced Curated Data",,,7.0,5,
737,Charjabug,wild,7.0,Safe to Transfer,Pokemon GO API,,,7.0,,
738,Vikavolt,wild,7.0,Safe to Transfer,Pokemon GO API,,,7.0,,
739,Crabrawler,wild,5.5,Depends on Circumstances,"Pokemon GO API, Enhanced Curated Data",,,7.0,4,
740,Crabominable,wild,7.0,Safe to Transfer,Pokemon GO API,,,7.0,,
741,Oricorio,wild,5.5,Depends on Circumstances,"Pokemon GO API, Enhanced Curated Data",,,7.0,4,
742,Cutiefly,wild,6.0,Safe to Transfer,"Pokemon GO API, Enhanced Curated Data",,,7.0,5,
743,Ribombee,wild,7.0,Safe to Transfer,Pokemon GO API,,,7.0,,
744,Rockruff,wild,6.0,Safe to Transfer,"Pokemon GO API, Enhanced Curated Data",,,7.0,5,
745,Lycanroc,wild,7.0,Safe to Transfer,Pokemon GO API,,,7.0,,
746,Wishiwashi,wild,5.5,Depends on Circumstances,"Pokemon GO API, Enhanced Curated Data",,,7.0,4,
747,Mareanie,wild,5.5,Depends on Circumstances,"Pokemon GO API, Enhanced Curated Data",,,7.0,4,
748,Toxapex,wild,7.0,Safe to Transfer,Pokemon GO API,,,7.0,,
749,Mudbray,wild,6.0,Safe to Transfer,"Pokemon GO API, Enhanced Curated Data",,,7.0,5,
750,Mudsdale,wild,7.0,Safe to Transfer,Pokemon GO API,,,7.0,,
751,Dewpider,wild,6.0,Safe to Transfer,"Pokemon GO API, Enhanced Curated Data",,,7.0,5,
752,Araquanid,wild,7.0,Safe to Transfer,Pokemon GO API,,,7.0,,
753,Fomantis,wild,6.0,Safe to Transfer,"Pokemon GO API, Enhanced Curated Data",,,7.0,5,
754,Lurantis,wild,7.0,Safe to Transfer,Pokemon GO API,,,7.0,,
755,Morelull,wild,6.0,Safe to Transfer,"Pokemon GO API, Enhanced Curated Data",,,7.0,5,
756,Shiinotic,wild,7.0,Safe to Transfer,Pokemon GO API,,,7.0,,
757,Salandit,wild,5.5,Depends on Circumstances,"Pokemon GO API, Enhanced Curated Data",,,7.0,4,
758,Salazzle,wild,7.0,Safe to Transfer,Pokemon GO API,,,7.0,,
759,Stufful,wild,6.0,Safe to Transfer,"Pokemon GO API, Enhanced Curated Data",,,7.0,5,
760,Bewear,wild,7.0,Safe to Transfer,Pokemon GO API,,,7.0,,
761,Bounsweet,wild,6.0,Safe to Transfer,"Pokemon GO API, Enhanced Curated Data",,,7.0,5,
762,Steenee,wild,7.0,Safe to Transfer,Pokemon GO API,,,7.0,,
763,Tsareena,wild,7.0,Safe to Transfer,Pokemon GO API,,,7.0,,
764,Comfey,wild,5.0,Depends on Circumstances,"Pokemon GO API, Enhanced Curated Data",,,7.0,3,
765,Oranguru,wild,5.0,Depends on Circumstances,"Pokemon GO API, Enhanced Curated Data",,,7.0,3,
766,Passimian,wild,5.0,Depends on Circumstances,"Pokemon GO API, Enhanced Curated Data",,,7.0,3,
767,Wimpod,wild,5.5,Depends on Circumstances,"Pokemon GO API, Enhanced Curated Data",,,7.0,4,
768,Golisopod,wild,7.0,Safe to Transfer,Pokemon GO API,,,7.0,,
769,Sandygast,wild,5.5,Depends on Circumstances,"Pokemon GO API, Enhanced Curated Data",,,7.0,4,
770,Palossand,wild,7.0,Safe to Transfer,Pokemon GO API,,,7.0,,
771,Pyukumuku,wild,5.0,Depends on Circumstances,"Pokemon GO API, Enhanced Curated Data",,,7.0,3,
772,Type: Null,legendary,7.0,Never Transfer (Legendary),Pokemon GO API,,,7.0,,
773,Silvally,wild,7.0,Safe to Transfer,Pokemon GO API,,,7.0,,
774,Minior,event-only,5.0,Never Transfer (Event Only),"Pokemon GO API, Enhanced Curated Data",,,7.0,3,
775,Komala,wild,5.0,Depends on Circumstances,"Pokemon GO API, Enhanced Curated Data",,,7.0,3,
776,Turtonator,wild,4.5,Depends on Circumstances,"Pokemon GO API, Enhanced Curated Data",,,7.0,2,
777,Togedemaru,wild,5.5,Depends on Circumstances,"Pokemon GO API, Enhanced Curated Data",,,7.0,4,
778,Mimikyu,wild,5.0,Depends on Circumstances,"Pokemon GO API, Enhanced Curated Data",,,7.0,3,
779,Bruxish,wild,5.5,Depends on Circumstances,"Pokemon GO API, Enhanced Curated Data",,,7.0,4,
780,Drampa,wild,4.5,Depends on Circumstances,"Pokemon GO API, Enhanced Curated Data",,,7.0,2,
781,Dhelmise,wild,4.5,Depends on Circumstances,"Pokemon GO API, Enhanced Curated Data",,,7.0,2,
782,Jangmo-o,wild,4.0,Depends on Circumstances,"Pokemon GO API, Enhanced Curated Data",,,7.0,1,
783,Hakamo-o,wild,7.0,Safe to Transfer,Pokemon GO API,,,7.0,,
784,Kommo-o,wild,7.0,Safe to Transfer,Pokemon GO API,,,7.0,,
785,Tapu Koko,legendary,0.0,Never Transfer (Legendary),Pokemon GO API,,,0.0,,
786,Tapu Lele,legendary,0.0,Never Transfer (Legendary),Pokemon GO API,,,0.0,,
787,Tapu Bulu,legendary,0.0,Never Transfer (Legendary),Pokemon GO API,,,0.0,,
788,Tapu Fini,legendary,0.0,Never Transfer (Legendary),Pokemon GO API,,,0.0,,
789,Cosmog,legendary,0.0,Never Transfer (Legendary),Pokemon GO API,,,0.0,,
790,Cosmoem,legendary,0.0,Never Transfer (Legendary),Pokemon GO API,,,0.0,,
791,Solgaleo,legendary,0.0,Never Transfer (Legendary),Pokemon GO API,,,0.0,,
792,Lunala,legendary,0.0,Never Transfer (Legendary),Pokemon GO API,,,0.0,,
793,Necrozma,legendary,0.0,Never Transfer (Legendary),Pokemon GO API,,,0.0,,
794,Magearna,legendary,0.0,Never Transfer (Legendary),Pokemon GO API,,,0.0,,
795,Marshadow,legendary,0.0,Never Transfer (Legendary),Pokemon GO API,,,0.0,,
805,Stakataka,legendary,2.0,Never Transfer (Legendary),Pokemon GO API,,,2.0,,
806,Poipole,legendary,2.0,Never Transfer (Legendary),Pokemon GO API,,,2.0,,
806,Blacephalon,legendary,2.0,Never Transfer (Legendary),Pokemon GO API,,,2.0,,
807,Naganadel,legendary,2.0,Never Transfer (Legendary),Pokemon GO API,,,2.0,,
807,Zeraora,legendary,0.0,Never Transfer (Legendary),Pokemon GO API,,,0.0,,
808,Meltan,legendary,0.0,Never Transfer (Legendary),Pokemon GO API,,,0.0,,
809,Melmetal,legendary,0.0,Never Transfer (Legendary),Pokemon GO API,,,0.0,,
810,Grookey,wild,6.5,Safe to Transfer,"Pokemon GO API, Enhanced Curated Data",,,7.0,6,
811,Thwackey,wild,7.0,Safe to Transfer,Pokemon GO API,,,7.0,,
812,Rillaboom,wild,7.0,Safe to Transfer,Pokemon GO API,,,7.0,,
813,Scorbunny,wild,6.5,Safe to Transfer,"Pokemon GO API, Enhanced Curated Data",,,7.0,6,
814,Raboot,wild,7.0,Safe to Transfer,Pokemon GO API,,,7.0,,
815,Cinderace,wild,7.0,Safe to Transfer,Pokemon GO API,,,7.0,,
816,Sobble,wild,6.5,Safe to Transfer,"Pokemon GO API, Enhanced Curated Data",,,7.0,6,
817,Drizzile,wild,7.0,Safe to Transfer,Pokemon GO API,,,7.0,,
818,Inteleon,wild,7.0,Safe to Transfer,Pokemon GO API,,,7.0,,
819,Skwovet,wild,7.5,Safe to Transfer,"Pokemon GO API, Enhanced Curated Data",,,7.0,8,
820,Greedent,wild,7.0,Safe to Transfer,Pokemon GO API,,,7.0,,
821,Rookidee,wild,7.5,Safe to Transfer,"Pokemon GO API, Enhanced Curated Data",,,7.0,8,
822,Corvisquire,wild,7.0,Safe to Transfer,Pokemon GO API,,,7.0,,
823,Corviknight,wild,7.0,Safe to Transfer,Pokemon GO API,,,7.0,,
824,Blipbug,wild,7.5,Safe to Transfer,"Pokemon GO API, Enhanced Curated Data",,,7.0,8,
825,Dottler,wild,7.0,Safe to Transfer,Pokemon GO API,,,7.0,,
826,Orbeetle,wild,7.0,Safe to Transfer,Pokemon GO API,,,7.0,,
827,Nickit,wild,6.5,Safe to Transfer,"Pokemon GO API, Enhanced Curated Data",,,7.0,6,
828,Thievul,wild,7.0,Safe to Transfer,Pokemon GO API,,,7.0,,
829,Gossifleur,wild,7.0,Safe to Transfer,"Pokemon GO API, Enhanced Curated Data",,,7.0,7,
830,Eldegoss,wild,7.0,Safe to Transfer,Pokemon GO API,,,7.0,,
831,Wooloo,wild,7.0,Safe to Transfer,"Pokemon GO API, Enhanced Curated Data",,,7.0,7,
832,Dubwool,wild,7.0,Safe to Transfer,Pokemon GO API,,,7.0,,
833,Chewtle,wild,7.0,Safe to Transfer,"Pokemon GO API, Enhanced Curated Data",,,7.0,7,
834,Drednaw,wild,7.0,Safe to Transfer,Pokemon GO API,,,7.0,,
835,Yamper,wild,6.5,Safe to Transfer,"Pokemon GO API, Enhanced Curated Data",,,7.0,6,
836,Boltund,wild,7.0,Safe to Transfer,Pokemon GO API,,,7.0,,
837,Rolycoly,wild,7.0,Safe to Transfer,Pokemon GO API,,,7.0,,
838,Carkol,wild,7.0,Safe to Transfer,Pokemon GO API,,,7.0,,
839,Coalossal,wild,7.0,Safe to Transfer,Pokemon GO API,,,7.0,,
840,Applin,wild,5.5,Depends on Circumstances,"Pokemon GO API, Enhanced Curated Data",,,7.0,4,
841,Flapple,wild,7.0,Safe to Transfer,Pokemon GO API,,,7.0,,
842,Appletun,wild,7.0,Safe to Transfer,Pokemon GO API,,,7.0,,
843,Silicobra,wild,6.0,Safe to Transfer,"Pokemon GO API, Enhanced Curated Data",,,7.0,5,
844,Sandaconda,wild,7.0,Safe to Transfer,Pokemon GO API,,,7.0,,
845,Cramorant,wild,5.5,Depends on Circumstances,"Pokemon GO API, Enhanced Curated Data",,,7.0,4,
846,Arrokuda,wild,6.0,Safe to Transfer,"Pokemon GO API, Enhanced Curated Data",,,7.0,5,
847,Barraskewda,wild,7.0,Safe to Transfer,Pokemon GO API,,,7.0,,
848,Toxel,wild,5.5,Depends on Circumstances,"Pokemon GO API, Enhanced Curated Data",,,7.0,4,
849,Toxtricity,wild,7.0,Safe to Transfer,Pokemon GO API,,,7.0,,
850,Sizzlipede,wild,5.5,Depends on Circumstances,"Pokemon GO API, Enhanced Curated Data",,,7.0,4,
851,Centiskorch,wild,7.0,Safe to Transfer,Pokemon GO API,,,7.0,,
852,Clobbopus,wild,5.5,Depends on Circumstances,"Pokemon GO API, Enhanced Curated Data",,,7.0,4,
853,Grapploct,wild,7.0,Safe to Transfer,Pokemon GO API,,,7.0,,
854,Sinistea,wild,5.5,Depends on Circumstances,"Pokemon GO API, Enhanced Curated Data",,,7.0,4,
855,Polteageist,wild,7.0,Safe to Transfer,Pokemon GO API,,,7.0,,
856,Hatenna,wild,5.5,Depends on Circumstances,"Pokemon GO API, Enhanced Curated Data",,,7.0,4,
857,Hattrem,wild,7.0,Safe to Transfer,Pokemon GO API,,,7.0,,
858,Hatterene,wild,7.0,Safe to Transfer,Pokemon GO API,,,7.0,,
859,Impidimp,wild,5.5,Depends on Circumstances,"Pokemon GO API, Enhanced Curated Data",,,7.0,4,
860,Morgrem,wild,7.0,Safe to Transfer,Pokemon GO API,,,7.0,,
861,Grimmsnarl,wild,7.0,Safe to Transfer,Pokemon GO API,,,7.0,,
862,Obstagoon,wild,7.0,Safe to Transfer,Pokemon GO API,,,7.0,,
862,Obstagoon,wild,7.0,Safe to Transfer,Pokemon GO API,,,7.0,,
863,Perrserker,wild,7.0,Safe to Transfer,Pokemon GO API,,,7.0,,
863,Perrserker,wild,7.0,Safe to Transfer,Pokemon GO API,,,7.0,,
864,Cursola,wild,7.0,Safe to Transfer,Pokemon GO API,,,7.0,,
864,Cursola,wild,7.0,Safe to Transfer,Pokemon GO API,,,7.0,,
865,Sirfetch'd,wild,3.5,Depends on Circumstances,Inferred,,,,,3.5
865,Sirfetch'd,wild,3.5,Depends on Circumstances,Inferred,,,,,3.5
866,Mr. Rime,wild,7.0,Safe to Transfer,Pokemon GO API,,,7.0,,
866,Mr. Rime,wild,7.0,Safe to Transfer,Pokemon GO API,,,7.0,,
867,Runerigus,wild,7.0,Safe to Transfer,Pokemon GO API,,,7.0,,
867,Runerigus,wild,7.0,Safe to Transfer,Pokemon GO API,,,7.0,,
868,Milcery,wild,5.0,Depends on Circumstances,"Pokemon GO API, Enhanced Curated Data",,,7.0,3,
869,Alcremie,wild,7.0,Safe to Transfer,Pokemon GO API,,,7.0,,
870,Falinks,wild,5.0,Depends on Circumstances,"Pokemon GO API, Enhanced Curated Data",,,7.0,3,
871,Pincurchin,wild,5.5,Depends on Circumstances,"Pokemon GO API, Enhanced Curated Data",,,7.0,4,
872,Snom,wild,5.5,Depends on Circumstances,"Pokemon GO API, Enhanced Curated Data",,,7.0,4,
873,Frosmoth,wild,7.0,Safe to Transfer,Pokemon GO API,,,7.0,,
874,Stonjourner,wild,7.0,Safe to Transfer,Pokemon GO API,,,7.0,,
875,Eiscue,wild,5.0,Depends on Circumstances,"Pokemon GO API, Enhanced Curated Data",,,7.0,3,
876,Indeedee,wild,5.0,Depends on Circumstances,"Pokemon GO API, Enhanced Curated Data",,,7.0,3,
877,Morpeko,wild,5.0,Depends on Circumstances,"Pokemon GO API, Enhanced Curated Data",,,7.0,3,
878,Cufant,wild,5.5,Depends on Circumstances,"Pokemon GO API, Enhanced Curated Data",,,7.0,4,
879,Copperajah,wild,7.0,Safe to Transfer,Pokemon GO API,,,7.0,,
880,Dracozolt,wild,7.0,Safe to Transfer,Pokemon GO API,,,7.0,,
881,Arctozolt,wild,7.0,Safe to Transfer,Pokemon GO API,,,7.0,,
882,Dracovish,wild,7.0,Safe to Transfer,Pokemon GO API,,,7.0,,
883,Arctovish,wild,7.0,Safe to Transfer,Pokemon GO API,,,7.0,,
884,Duraludon,wild,7.0,Safe to Transfer,Pokemon GO API,,,7.0,,
885,Dreepy,wild,4.5,Depends on Circumstances,"Pokemon GO API, Enhanced Curated Data",,,7.0,2,
886,Drakloak,wild,7.0,Safe to Transfer,Pokemon GO API,,,7.0,,
887,Dragapult,wild,7.0,Safe to Transfer,Pokemon GO API,,,7.0,,
888,Zacian,legendary,0.0,Never Transfer (Legendary),Pokemon GO API,,,0.0,,
889,Zamazenta,legendary,0.0,Never Transfer (Legendary),Pokemon GO API,,,0.0,,
890,Eternatus,legendary,0.0,Never Transfer (Legendary),Pokemon GO API,,,0.0,,
891,Kubfu,legendary,0.0,Never Transfer (Legendary),Pokemon GO API,,,0.0,,
892,Urshifu,legendary,0.0,Never Transfer (Legendary),Pokemon GO API,,,0.0,,
893,Zarude,legendary,0.0,Never Transfer (Legendary),Pokemon GO API,,,0.0,,
894,Regieleki,legendary,0.0,Never Transfer (Legendary),Pokemon GO API,,,0.0,,
895,Regidrago,legendary,0.0,Never Transfer (Legendary),Pokemon GO API,,,0.0,,
896,Glastrier,legendary,0.0,Never Transfer (Legendary),Pokemon GO API,,,0.0,,
897,Spectrier,legendary,0.0,Never Transfer (Legendary),Pokemon GO API,,,0.0,,
898,Calyrex,legendary,0.0,Never Transfer (Legendary),Pokemon GO API,,,0.0,,
980,Paldean Clodsire,wild,4.0,Depends on Circumstances,Inferred,,,,,4.0
