Number;Name;Spawn_Type;Average_Rarity_Score;Recommendation;Data_Sources;Structured_Spawn_Data_Score;Enhanced_Curated_Data_Score;PokemonDB_Catch_Rate_Score;Inferred_Score
1;Bulbasaur;wild;2,70;Should Always Trade;Structured Spawn Data, Enhanced Curated Data, PokemonDB Catch Rate;0,34;6,00;1,76;
2;Ivysaur;evolution-only;0,89;Evaluate for Evolution;Structured Spawn Data, PokemonDB Catch Rate;0,02;;1,76;
3;Venusaur;evolution-only;0,89;Evaluate for Evolution;Structured Spawn Data, PokemonDB Catch Rate;0,01;;1,76;
4;Charmander;wild;2,63;Should Always Trade;Structured Spawn Data, Enhanced Curated Data, PokemonDB Catch Rate;0,13;6,00;1,76;
5;Charmeleon;evolution-only;0,89;Evaluate for Evolution;Structured Spawn Data, PokemonDB Catch Rate;0,01;;1,76;
6;Charizard;evolution-only;0,88;Evaluate for Evolution;Structured Spawn Data, PokemonDB Catch Rate;0,00;;1,76;
7;Squirtle;wild;2,68;Should Always Trade;Structured Spawn Data, Enhanced Curated Data, PokemonDB Catch Rate;0,29;6,00;1,76;
8;Wartortle;evolution-only;0,89;Evaluate for Evolution;Structured Spawn Data, PokemonDB Catch Rate;0,02;;1,76;
9;Blastoise;evolution-only;0,88;Evaluate for Evolution;Structured Spawn Data, PokemonDB Catch Rate;0,00;;1,76;
10;Caterpie;wild;6,51;Safe to Transfer;Structured Spawn Data, Enhanced Curated Data, PokemonDB Catch Rate;1,52;8,00;10,00;
11;Metapod;evolution-only;2,40;Evaluate for Evolution;Structured Spawn Data, PokemonDB Catch Rate;0,09;;4,71;
12;Butterfree;evolution-only;0,89;Evaluate for Evolution;Structured Spawn Data, PokemonDB Catch Rate;0,01;;1,76;
13;Weedle;wild;7,19;Safe to Transfer;Structured Spawn Data, Enhanced Curated Data, PokemonDB Catch Rate;3,56;8,00;10,00;
14;Kakuna;evolution-only;2,46;Evaluate for Evolution;Structured Spawn Data, PokemonDB Catch Rate;0,22;;4,71;
15;Beedrill;evolution-only;0,90;Evaluate for Evolution;Structured Spawn Data, PokemonDB Catch Rate;0,03;;1,76;
16;Pidgey;wild;9,33;Safe to Transfer;Structured Spawn Data, Enhanced Curated Data, PokemonDB Catch Rate;7,99;10,00;10,00;
17;Pidgeotto;evolution-only;2,61;Evaluate for Evolution;Structured Spawn Data, PokemonDB Catch Rate;0,51;;4,71;
18;Pidgeot;evolution-only;0,91;Evaluate for Evolution;Structured Spawn Data, PokemonDB Catch Rate;0,07;;1,76;
19;Rattata;wild;8,51;Safe to Transfer;Structured Spawn Data, Enhanced Curated Data, PokemonDB Catch Rate;6,53;9,00;10,00;
19;Alolan Rattata;wild;8,00;Safe to Transfer;Enhanced Curated Data, PokemonDB Catch Rate;;6,00;10,00;
20;Raticate;evolution-only;2,59;Evaluate for Evolution;Structured Spawn Data, PokemonDB Catch Rate;0,20;;4,98;
20;Alolan Raticate;wild;4,98;Depends on Circumstances;PokemonDB Catch Rate;;;4,98;
21;Spearow;wild;6,46;Safe to Transfer;Structured Spawn Data, Enhanced Curated Data, PokemonDB Catch Rate;2,37;7,00;10,00;
22;Fearow;evolution-only;1,80;Evaluate for Evolution;Structured Spawn Data, PokemonDB Catch Rate;0,07;;3,53;
23;Ekans;wild;5,57;Depends on Circumstances;Structured Spawn Data, PokemonDB Catch Rate;1,14;;10,00;
24;Arbok;evolution-only;1,78;Evaluate for Evolution;Structured Spawn Data, PokemonDB Catch Rate;0,04;;3,53;
25;Pikachu;wild;4,52;Depends on Circumstances;Structured Spawn Data, Enhanced Curated Data, PokemonDB Catch Rate;0,10;6,00;7,45;
26;Raichu;evolution-only;1,47;Evaluate for Evolution;Structured Spawn Data, PokemonDB Catch Rate;0,00;;2,94;
26;Alolan Raichu;wild;2,94;Should Always Trade;PokemonDB Catch Rate;;;2,94;
27;Sandshrew;wild;5,52;Depends on Circumstances;Structured Spawn Data, Enhanced Curated Data, PokemonDB Catch Rate;0,56;6,00;10,00;
27;Alolan Sandshrew;wild;7,00;Safe to Transfer;Enhanced Curated Data, PokemonDB Catch Rate;;4,00;10,00;
28;Sandslash;evolution-only;1,77;Evaluate for Evolution;Structured Spawn Data, PokemonDB Catch Rate;0,02;;3,53;
28;Alolan Sandslash;wild;3,53;Depends on Circumstances;PokemonDB Catch Rate;;;3,53;
29;Nidoran♀;wild;7,61;Safe to Transfer;Enhanced Curated Data, PokemonDB Catch Rate;;6,00;9,22;
30;Nidorina;evolution-only;2,37;Evaluate for Evolution;Structured Spawn Data, PokemonDB Catch Rate;0,04;;4,71;
31;Nidoqueen;evolution-only;0,89;Evaluate for Evolution;Structured Spawn Data, PokemonDB Catch Rate;0,01;;1,76;
32;Nidoran♂;wild;7,61;Safe to Transfer;Enhanced Curated Data, PokemonDB Catch Rate;;6,00;9,22;
33;Nidorino;evolution-only;2,37;Evaluate for Evolution;Structured Spawn Data, PokemonDB Catch Rate;0,04;;4,71;
34;Nidoking;evolution-only;0,89;Evaluate for Evolution;Structured Spawn Data, PokemonDB Catch Rate;0,01;;1,76;
35;Clefairy;wild;3,45;Depends on Circumstances;Structured Spawn Data, Enhanced Curated Data, PokemonDB Catch Rate;0,46;4,00;5,88;
36;Clefable;evolution-only;0,49;Evaluate for Evolution;Structured Spawn Data, PokemonDB Catch Rate;0,01;;0,98;
37;Vulpix;wild;4,19;Depends on Circumstances;Structured Spawn Data, Enhanced Curated Data, PokemonDB Catch Rate;0,11;5,00;7,45;
37;Alolan Vulpix;wild;5,73;Depends on Circumstances;Enhanced Curated Data, PokemonDB Catch Rate;;4,00;7,45;
38;Ninetales;evolution-only;1,47;Evaluate for Evolution;Structured Spawn Data, PokemonDB Catch Rate;0,00;;2,94;
38;Alolan Ninetales;wild;2,94;Should Always Trade;PokemonDB Catch Rate;;;2,94;
39;Jigglypuff;wild;3,62;Depends on Circumstances;Structured Spawn Data, Enhanced Curated Data, PokemonDB Catch Rate;0,20;4,00;6,67;
40;Wigglytuff;evolution-only;0,98;Evaluate for Evolution;Structured Spawn Data, PokemonDB Catch Rate;0,01;;1,96;
41;Zubat;wild;7,09;Safe to Transfer;Structured Spawn Data, Enhanced Curated Data, PokemonDB Catch Rate;3,26;8,00;10,00;
42;Golbat;evolution-only;1,87;Evaluate for Evolution;Structured Spawn Data, PokemonDB Catch Rate;0,21;;3,53;
43;Oddish;wild;5,84;Depends on Circumstances;Structured Spawn Data, Enhanced Curated Data, PokemonDB Catch Rate;0,51;7,00;10,00;
44;Gloom;evolution-only;2,37;Evaluate for Evolution;Structured Spawn Data, PokemonDB Catch Rate;0,03;;4,71;
45;Vileplume;evolution-only;0,88;Evaluate for Evolution;Structured Spawn Data, PokemonDB Catch Rate;0,00;;1,76;
46;Paras;wild;5,21;Depends on Circumstances;Structured Spawn Data, Enhanced Curated Data, PokemonDB Catch Rate;1,18;7,00;7,45;
47;Parasect;evolution-only;1,49;Evaluate for Evolution;Structured Spawn Data, PokemonDB Catch Rate;0,04;;2,94;
48;Venonat;wild;5,20;Depends on Circumstances;Structured Spawn Data, Enhanced Curated Data, PokemonDB Catch Rate;1,14;7,00;7,45;
49;Venomoth;evolution-only;1,49;Evaluate for Evolution;Structured Spawn Data, PokemonDB Catch Rate;0,04;;2,94;
50;Diglett;wild;5,10;Depends on Circumstances;Structured Spawn Data, PokemonDB Catch Rate;0,20;;10,00;
50;Alolan Diglett;wild;7,50;Safe to Transfer;Enhanced Curated Data, PokemonDB Catch Rate;;5,00;10,00;
51;Dugtrio;evolution-only;0,98;Evaluate for Evolution;Structured Spawn Data, PokemonDB Catch Rate;0,01;;1,96;
51;Alolan Dugtrio;wild;1,96;Should Always Trade;PokemonDB Catch Rate;;;1,96;
52;Meowth;wild;5,21;Depends on Circumstances;Structured Spawn Data, PokemonDB Catch Rate;0,43;;10,00;
52;Alolan Meowth;wild;7,50;Safe to Transfer;Enhanced Curated Data, PokemonDB Catch Rate;;5,00;10,00;
52;Galarian Meowth;wild;7,00;Safe to Transfer;Enhanced Curated Data, PokemonDB Catch Rate;;4,00;10,00;
53;Persian;evolution-only;1,77;Evaluate for Evolution;Structured Spawn Data, PokemonDB Catch Rate;0,01;;3,53;
53;Alolan Persian;wild;3,53;Depends on Circumstances;PokemonDB Catch Rate;;;3,53;
54;Psyduck;wild;5,24;Depends on Circumstances;Structured Spawn Data, Enhanced Curated Data, PokemonDB Catch Rate;1,27;7,00;7,45;
55;Golduck;evolution-only;1,49;Evaluate for Evolution;Structured Spawn Data, PokemonDB Catch Rate;0,04;;2,94;
56;Mankey;wild;3,96;Depends on Circumstances;Structured Spawn Data, PokemonDB Catch Rate;0,46;;7,45;
57;Primeape;evolution-only;1,48;Evaluate for Evolution;Structured Spawn Data, PokemonDB Catch Rate;0,02;;2,94;
58;Growlithe;wild;3,96;Depends on Circumstances;Structured Spawn Data, PokemonDB Catch Rate;0,46;;7,45;
59;Arcanine;evolution-only;1,47;Evaluate for Evolution;Structured Spawn Data, PokemonDB Catch Rate;0,01;;2,94;
60;Poliwag;wild;5,70;Depends on Circumstances;Structured Spawn Data, Enhanced Curated Data, PokemonDB Catch Rate;1,09;6,00;10,00;
61;Poliwhirl;evolution-only;2,39;Evaluate for Evolution;Structured Spawn Data, PokemonDB Catch Rate;0,07;;4,71;
62;Poliwrath;evolution-only;0,89;Evaluate for Evolution;Structured Spawn Data, PokemonDB Catch Rate;0,01;;1,76;
63;Abra;wild;4,68;Depends on Circumstances;Structured Spawn Data, Enhanced Curated Data, PokemonDB Catch Rate;0,21;6,00;7,84;
64;Kadabra;evolution-only;1,97;Evaluate for Evolution;Structured Spawn Data, PokemonDB Catch Rate;0,01;;3,92;
65;Alakazam;evolution-only;0,98;Evaluate for Evolution;Structured Spawn Data, PokemonDB Catch Rate;0,00;;1,96;
66;Machop;wild;4,43;Depends on Circumstances;Structured Spawn Data, Enhanced Curated Data, PokemonDB Catch Rate;0,24;6,00;7,06;
67;Machoke;evolution-only;1,77;Evaluate for Evolution;Structured Spawn Data, PokemonDB Catch Rate;0,02;;3,53;
68;Machamp;evolution-only;0,88;Evaluate for Evolution;Structured Spawn Data, PokemonDB Catch Rate;0,00;;1,76;
69;Bellsprout;wild;5,86;Depends on Circumstances;Structured Spawn Data, Enhanced Curated Data, PokemonDB Catch Rate;0,57;7,00;10,00;
70;Weepinbell;evolution-only;2,37;Evaluate for Evolution;Structured Spawn Data, PokemonDB Catch Rate;0,04;;4,71;
71;Victreebel;evolution-only;0,88;Evaluate for Evolution;Structured Spawn Data, PokemonDB Catch Rate;0,00;;1,76;
72;Tentacool;wild;4,95;Depends on Circumstances;Structured Spawn Data, Enhanced Curated Data, PokemonDB Catch Rate;0,41;7,00;7,45;
73;Tentacruel;evolution-only;1,20;Evaluate for Evolution;Structured Spawn Data, PokemonDB Catch Rate;0,04;;2,35;
74;Geodude;wild;5,53;Depends on Circumstances;Structured Spawn Data, Enhanced Curated Data, PokemonDB Catch Rate;0,59;6,00;10,00;
74;Alolan Geodude;wild;8,00;Safe to Transfer;Enhanced Curated Data, PokemonDB Catch Rate;;6,00;10,00;
75;Graveler;evolution-only;2,37;Evaluate for Evolution;Structured Spawn Data, PokemonDB Catch Rate;0,04;;4,71;
75;Alolan Graveler;wild;4,71;Depends on Circumstances;PokemonDB Catch Rate;;;4,71;
76;Golem;evolution-only;0,88;Evaluate for Evolution;Structured Spawn Data, PokemonDB Catch Rate;0,00;;1,76;
76;Alolan Golem;wild;1,76;Should Always Trade;PokemonDB Catch Rate;;;1,76;
77;Ponyta;wild;3,85;Depends on Circumstances;Structured Spawn Data, PokemonDB Catch Rate;0,26;;7,45;
77;Galarian Ponyta;wild;5,23;Depends on Circumstances;Enhanced Curated Data, PokemonDB Catch Rate;;3,00;7,45;
78;Rapidash;evolution-only;1,18;Evaluate for Evolution;Structured Spawn Data, PokemonDB Catch Rate;0,01;;2,35;
78;Galarian Rapidash;wild;2,35;Should Always Trade;PokemonDB Catch Rate;;;2,35;
79;Slowpoke;wild;4,33;Depends on Circumstances;Structured Spawn Data, Enhanced Curated Data, PokemonDB Catch Rate;0,53;5,00;7,45;
79;Galarian Slowpoke;wild;5,73;Depends on Circumstances;Enhanced Curated Data, PokemonDB Catch Rate;;4,00;7,45;
80;Slowbro;evolution-only;1,48;Evaluate for Evolution;Structured Spawn Data, PokemonDB Catch Rate;0,02;;2,94;
80;Galarian Slowbro;wild;2,94;Should Always Trade;PokemonDB Catch Rate;;;2,94;
81;Magnemite;wild;3,94;Depends on Circumstances;Structured Spawn Data, Enhanced Curated Data, PokemonDB Catch Rate;0,35;4,00;7,45;
82;Magneton;evolution-only;1,18;Evaluate for Evolution;Structured Spawn Data, PokemonDB Catch Rate;0,01;;2,35;
83;Farfetch'd;wild;1,59;Should Always Trade;Structured Spawn Data, Enhanced Curated Data, PokemonDB Catch Rate;0,01;3,00;1,76;
83;Galarian Farfetch'd;wild;2,38;Should Always Trade;Enhanced Curated Data, PokemonDB Catch Rate;;3,00;1,76;
84;Doduo;wild;4,57;Depends on Circumstances;Structured Spawn Data, Enhanced Curated Data, PokemonDB Catch Rate;0,26;6,00;7,45;
85;Dodrio;evolution-only;0,94;Evaluate for Evolution;Structured Spawn Data, PokemonDB Catch Rate;0,11;;1,76;
86;Seel;wild;4,53;Depends on Circumstances;Structured Spawn Data, Enhanced Curated Data, PokemonDB Catch Rate;0,14;6,00;7,45;
87;Dewgong;evolution-only;1,47;Evaluate for Evolution;Structured Spawn Data, PokemonDB Catch Rate;0,01;;2,94;
88;Grimer;wild;3,83;Depends on Circumstances;Structured Spawn Data, Enhanced Curated Data, PokemonDB Catch Rate;0,03;4,00;7,45;
88;Alolan Grimer;wild;5,73;Depends on Circumstances;Enhanced Curated Data, PokemonDB Catch Rate;;4,00;7,45;
89;Muk;evolution-only;1,47;Evaluate for Evolution;Structured Spawn Data, PokemonDB Catch Rate;0,00;;2,94;
89;Alolan Muk;wild;2,94;Should Always Trade;PokemonDB Catch Rate;;;2,94;
90;Shellder;wild;3,90;Depends on Circumstances;Structured Spawn Data, Enhanced Curated Data, PokemonDB Catch Rate;0,26;4,00;7,45;
91;Cloyster;evolution-only;1,18;Evaluate for Evolution;Structured Spawn Data, PokemonDB Catch Rate;0,01;;2,35;
92;Gastly;wild;5,28;Depends on Circumstances;Structured Spawn Data, Enhanced Curated Data, PokemonDB Catch Rate;0,40;8,00;7,45;
93;Haunter;evolution-only;1,78;Evaluate for Evolution;Structured Spawn Data, PokemonDB Catch Rate;0,03;;3,53;
94;Gengar;evolution-only;0,88;Evaluate for Evolution;Structured Spawn Data, PokemonDB Catch Rate;0,00;;1,76;
95;Onix;wild;1,60;Should Always Trade;Structured Spawn Data, Enhanced Curated Data, PokemonDB Catch Rate;0,05;3,00;1,76;
96;Drowzee;wild;4,69;Depends on Circumstances;Structured Spawn Data, Enhanced Curated Data, PokemonDB Catch Rate;1,60;5,00;7,45;
97;Hypno;evolution-only;1,50;Evaluate for Evolution;Structured Spawn Data, PokemonDB Catch Rate;0,05;;2,94;
98;Krabby;wild;5,29;Depends on Circumstances;Structured Spawn Data, Enhanced Curated Data, PokemonDB Catch Rate;1,06;6,00;8,82;
99;Kingler;evolution-only;1,19;Evaluate for Evolution;Structured Spawn Data, PokemonDB Catch Rate;0,03;;2,35;
100;Voltorb;wild;3,93;Depends on Circumstances;Structured Spawn Data, Enhanced Curated Data, PokemonDB Catch Rate;0,33;4,00;7,45;
100;Hisuian Voltorb;wild;5,73;Depends on Circumstances;Enhanced Curated Data, PokemonDB Catch Rate;;4,00;7,45;
101;Electrode;evolution-only;1,18;Evaluate for Evolution;Structured Spawn Data, PokemonDB Catch Rate;0,01;;2,35;
101;Hisuian Electrode;wild;2,18;Should Always Trade;Enhanced Curated Data, PokemonDB Catch Rate;;2,00;2,35;
102;Exeggcute;wild;2,64;Should Always Trade;Structured Spawn Data, Enhanced Curated Data, PokemonDB Catch Rate;0,39;4,00;3,53;
103;Exeggutor;evolution-only;0,89;Evaluate for Evolution;Structured Spawn Data, PokemonDB Catch Rate;0,01;;1,76;
103;Alolan Exeggutor;wild;1,88;Should Always Trade;Enhanced Curated Data, PokemonDB Catch Rate;;2,00;1,76;
104;Cubone;wild;3,92;Depends on Circumstances;Structured Spawn Data, Enhanced Curated Data, PokemonDB Catch Rate;0,30;4,00;7,45;
105;Marowak;evolution-only;1,48;Evaluate for Evolution;Structured Spawn Data, PokemonDB Catch Rate;0,01;;2,94;
105;Alolan Marowak;wild;2,47;Should Always Trade;Enhanced Curated Data, PokemonDB Catch Rate;;2,00;2,94;
106;Hitmonlee;wild;1,59;Should Always Trade;Structured Spawn Data, Enhanced Curated Data, PokemonDB Catch Rate;0,01;3,00;1,76;
107;Hitmonchan;wild;1,59;Should Always Trade;Structured Spawn Data, Enhanced Curated Data, PokemonDB Catch Rate;0,01;3,00;1,76;
108;Lickitung;wild;1,59;Should Always Trade;Structured Spawn Data, Enhanced Curated Data, PokemonDB Catch Rate;0,01;3,00;1,76;
109;Koffing;wild;3,85;Depends on Circumstances;Structured Spawn Data, Enhanced Curated Data, PokemonDB Catch Rate;0,10;4,00;7,45;
110;Weezing;evolution-only;1,18;Evaluate for Evolution;Structured Spawn Data, PokemonDB Catch Rate;0,01;;2,35;
110;Galarian Weezing;wild;2,18;Should Always Trade;Enhanced Curated Data, PokemonDB Catch Rate;;2,00;2,35;
111;Rhyhorn;wild;3,01;Depends on Circumstances;Structured Spawn Data, Enhanced Curated Data, PokemonDB Catch Rate;0,32;4,00;4,71;
112;Rhydon;evolution-only;1,18;Evaluate for Evolution;Structured Spawn Data, PokemonDB Catch Rate;0,01;;2,35;
113;Chansey;wild;1,06;Should Always Trade;Structured Spawn Data, Enhanced Curated Data, PokemonDB Catch Rate;0,01;2,00;1,18;
114;Tangela;wild;1,96;Should Always Trade;Structured Spawn Data, Enhanced Curated Data, PokemonDB Catch Rate;0,11;4,00;1,76;
115;Kangaskhan;wild;1,59;Should Always Trade;Structured Spawn Data, Enhanced Curated Data, PokemonDB Catch Rate;0,00;3,00;1,76;
116;Horsea;wild;5,46;Depends on Circumstances;Structured Spawn Data, Enhanced Curated Data, PokemonDB Catch Rate;0,56;7,00;8,82;
117;Seadra;evolution-only;1,48;Evaluate for Evolution;Structured Spawn Data, PokemonDB Catch Rate;0,02;;2,94;
118;Goldeen;wild;5,97;Depends on Circumstances;Structured Spawn Data, Enhanced Curated Data, PokemonDB Catch Rate;1,09;8,00;8,82;
119;Seaking;evolution-only;1,20;Evaluate for Evolution;Structured Spawn Data, PokemonDB Catch Rate;0,04;;2,35;
120;Staryu;wild;5,60;Depends on Circumstances;Structured Spawn Data, Enhanced Curated Data, PokemonDB Catch Rate;0,97;7,00;8,82;
121;Starmie;evolution-only;1,18;Evaluate for Evolution;Structured Spawn Data, PokemonDB Catch Rate;0,02;;2,35;
122;Mr. Mime;evolution-only;0,88;Evaluate for Evolution;Structured Spawn Data, PokemonDB Catch Rate;0,00;;1,76;
122;Galarian Mr. Mime;wild;2,38;Should Always Trade;Enhanced Curated Data, PokemonDB Catch Rate;;3,00;1,76;
123;Scyther;wild;1,61;Should Always Trade;Structured Spawn Data, Enhanced Curated Data, PokemonDB Catch Rate;0,07;3,00;1,76;
124;Jynx;wild;1,65;Should Always Trade;Structured Spawn Data, Enhanced Curated Data, PokemonDB Catch Rate;0,17;3,00;1,76;
125;Electabuzz;wild;1,93;Should Always Trade;Structured Spawn Data, Enhanced Curated Data, PokemonDB Catch Rate;0,04;4,00;1,76;
126;Magmar;wild;1,94;Should Always Trade;Structured Spawn Data, Enhanced Curated Data, PokemonDB Catch Rate;0,05;4,00;1,76;
127;Pinsir;wild;2,09;Should Always Trade;Structured Spawn Data, Enhanced Curated Data, PokemonDB Catch Rate;0,49;4,00;1,76;
128;Tauros;wild;1,61;Should Always Trade;Structured Spawn Data, Enhanced Curated Data, PokemonDB Catch Rate;0,06;3,00;1,76;
128;Paldean Tauros;wild;1,88;Should Always Trade;Enhanced Curated Data, PokemonDB Catch Rate;;2,00;1,76;
129;Magikarp;wild;7,13;Safe to Transfer;Structured Spawn Data, Enhanced Curated Data, PokemonDB Catch Rate;2,39;9,00;10,00;
130;Gyarados;evolution-only;0,88;Evaluate for Evolution;Structured Spawn Data, PokemonDB Catch Rate;0,00;;1,76;
131;Lapras;wild;1,26;Should Always Trade;Structured Spawn Data, Enhanced Curated Data, PokemonDB Catch Rate;0,00;2,00;1,76;
132;Ditto;wild;1,12;Should Always Trade;Structured Spawn Data, Enhanced Curated Data, PokemonDB Catch Rate;0,00;2,00;1,37;
133;Eevee;wild;3,71;Depends on Circumstances;Structured Spawn Data, Enhanced Curated Data, PokemonDB Catch Rate;1,38;8,00;1,76;
134;Vaporeon;evolution-only;0,89;Evaluate for Evolution;Structured Spawn Data, PokemonDB Catch Rate;0,01;;1,76;
135;Jolteon;evolution-only;0,89;Evaluate for Evolution;Structured Spawn Data, PokemonDB Catch Rate;0,01;;1,76;
136;Flareon;evolution-only;0,89;Evaluate for Evolution;Structured Spawn Data, PokemonDB Catch Rate;0,01;;1,76;
137;Porygon;wild;1,26;Should Always Trade;Structured Spawn Data, Enhanced Curated Data, PokemonDB Catch Rate;0,01;2,00;1,76;
138;Omanyte;wild;1,61;Should Always Trade;Structured Spawn Data, Enhanced Curated Data, PokemonDB Catch Rate;0,07;3,00;1,76;
139;Omastar;evolution-only;0,88;Evaluate for Evolution;Structured Spawn Data, PokemonDB Catch Rate;0,00;;1,76;
140;Kabuto;wild;1,60;Should Always Trade;Structured Spawn Data, Enhanced Curated Data, PokemonDB Catch Rate;0,05;3,00;1,76;
141;Kabutops;evolution-only;0,88;Evaluate for Evolution;Structured Spawn Data, PokemonDB Catch Rate;0,00;;1,76;
142;Aerodactyl;wild;1,26;Should Always Trade;Structured Spawn Data, Enhanced Curated Data, PokemonDB Catch Rate;0,01;2,00;1,76;
143;Snorlax;wild;1,00;Should Always Trade;Structured Spawn Data, Enhanced Curated Data, PokemonDB Catch Rate;0,01;2,00;0,98;
144;Articuno;legendary;0,06;Never Transfer (Legendary);Structured Spawn Data, PokemonDB Catch Rate;0,00;;0,12;
144;Galarian Articuno;legendary;0,12;Never Transfer (Legendary);PokemonDB Catch Rate;;;0,12;
145;Zapdos;legendary;0,06;Never Transfer (Legendary);Structured Spawn Data, PokemonDB Catch Rate;0,00;;0,12;
145;Galarian Zapdos;legendary;0,12;Never Transfer (Legendary);PokemonDB Catch Rate;;;0,12;
146;Moltres;legendary;0,06;Never Transfer (Legendary);Structured Spawn Data, PokemonDB Catch Rate;0,00;;0,12;
146;Galarian Moltres;legendary;0,12;Never Transfer (Legendary);PokemonDB Catch Rate;;;0,12;
147;Dratini;wild;1,30;Should Always Trade;Structured Spawn Data, Enhanced Curated Data, PokemonDB Catch Rate;0,15;2,00;1,76;
148;Dragonair;evolution-only;0,89;Evaluate for Evolution;Structured Spawn Data, PokemonDB Catch Rate;0,01;;1,76;
149;Dragonite;evolution-only;0,88;Evaluate for Evolution;Structured Spawn Data, PokemonDB Catch Rate;0,00;;1,76;
150;Mewtwo;legendary;0,06;Never Transfer (Legendary);Structured Spawn Data, PokemonDB Catch Rate;0,00;;0,12;
151;Mew;legendary;0,88;Never Transfer (Legendary);Structured Spawn Data, PokemonDB Catch Rate;0,00;;1,76;
152;Chikorita;wild;3,88;Depends on Circumstances;Enhanced Curated Data, PokemonDB Catch Rate;;6,00;1,76;
153;Bayleef;wild;1,76;Should Always Trade;PokemonDB Catch Rate;;;1,76;
154;Meganium;wild;1,76;Should Always Trade;PokemonDB Catch Rate;;;1,76;
155;Cyndaquil;wild;3,88;Depends on Circumstances;Enhanced Curated Data, PokemonDB Catch Rate;;6,00;1,76;
156;Quilava;wild;1,76;Should Always Trade;PokemonDB Catch Rate;;;1,76;
157;Typhlosion;wild;1,76;Should Always Trade;PokemonDB Catch Rate;;;1,76;
157;Hisuian Typhlosion;wild;1,38;Should Always Trade;Enhanced Curated Data, PokemonDB Catch Rate;;1,00;1,76;
158;Totodile;wild;3,88;Depends on Circumstances;Enhanced Curated Data, PokemonDB Catch Rate;;6,00;1,76;
159;Croconaw;wild;1,76;Should Always Trade;PokemonDB Catch Rate;;;1,76;
160;Feraligatr;wild;1,76;Should Always Trade;PokemonDB Catch Rate;;;1,76;
161;Sentret;wild;9,00;Safe to Transfer;Enhanced Curated Data, PokemonDB Catch Rate;;8,00;10,00;
162;Furret;wild;3,53;Depends on Circumstances;PokemonDB Catch Rate;;;3,53;
163;Hoothoot;wild;9,00;Safe to Transfer;Enhanced Curated Data, PokemonDB Catch Rate;;8,00;10,00;
164;Noctowl;wild;3,53;Depends on Circumstances;PokemonDB Catch Rate;;;3,53;
165;Ledyba;wild;8,50;Safe to Transfer;Enhanced Curated Data, PokemonDB Catch Rate;;7,00;10,00;
166;Ledian;wild;3,53;Depends on Circumstances;PokemonDB Catch Rate;;;3,53;
167;Spinarak;wild;8,50;Safe to Transfer;Enhanced Curated Data, PokemonDB Catch Rate;;7,00;10,00;
168;Ariados;wild;3,53;Depends on Circumstances;PokemonDB Catch Rate;;;3,53;
169;Crobat;wild;3,53;Depends on Circumstances;PokemonDB Catch Rate;;;3,53;
170;Chinchou;wild;7,45;Safe to Transfer;PokemonDB Catch Rate;;;7,45;
171;Lanturn;wild;2,94;Should Always Trade;PokemonDB Catch Rate;;;2,94;
172;Pichu;wild;7,45;Safe to Transfer;PokemonDB Catch Rate;;;7,45;
173;Cleffa;wild;5,88;Depends on Circumstances;PokemonDB Catch Rate;;;5,88;
174;Igglybuff;wild;6,67;Safe to Transfer;PokemonDB Catch Rate;;;6,67;
175;Togepi;wild;7,45;Safe to Transfer;PokemonDB Catch Rate;;;7,45;
176;Togetic;wild;2,94;Should Always Trade;PokemonDB Catch Rate;;;2,94;
177;Natu;wild;7,23;Safe to Transfer;Enhanced Curated Data, PokemonDB Catch Rate;;7,00;7,45;
178;Xatu;wild;2,94;Should Always Trade;PokemonDB Catch Rate;;;2,94;
179;Mareep;wild;6,61;Safe to Transfer;Enhanced Curated Data, PokemonDB Catch Rate;;4,00;9,22;
180;Flaaffy;wild;4,71;Depends on Circumstances;PokemonDB Catch Rate;;;4,71;
181;Ampharos;wild;1,76;Should Always Trade;PokemonDB Catch Rate;;;1,76;
182;Bellossom;wild;1,76;Should Always Trade;PokemonDB Catch Rate;;;1,76;
183;Marill;wild;7,23;Safe to Transfer;Enhanced Curated Data, PokemonDB Catch Rate;;7,00;7,45;
184;Azumarill;wild;2,94;Should Always Trade;PokemonDB Catch Rate;;;2,94;
185;Sudowoodo;wild;2,55;Should Always Trade;PokemonDB Catch Rate;;;2,55;
186;Politoed;wild;1,76;Should Always Trade;PokemonDB Catch Rate;;;1,76;
187;Hoppip;wild;8,50;Safe to Transfer;Enhanced Curated Data, PokemonDB Catch Rate;;7,00;10,00;
188;Skiploom;wild;4,71;Depends on Circumstances;PokemonDB Catch Rate;;;4,71;
189;Jumpluff;wild;1,76;Should Always Trade;PokemonDB Catch Rate;;;1,76;
190;Aipom;wild;2,88;Should Always Trade;Enhanced Curated Data, PokemonDB Catch Rate;;4,00;1,76;
191;Sunkern;wild;9,22;Safe to Transfer;PokemonDB Catch Rate;;;9,22;
192;Sunflora;wild;4,71;Depends on Circumstances;PokemonDB Catch Rate;;;4,71;
193;Yanma;wild;3,47;Depends on Circumstances;Enhanced Curated Data, PokemonDB Catch Rate;;4,00;2,94;
194;Wooper;wild;8,50;Safe to Transfer;Enhanced Curated Data, PokemonDB Catch Rate;;7,00;10,00;
194;Paldean Wooper;wild;7,50;Safe to Transfer;Enhanced Curated Data, PokemonDB Catch Rate;;5,00;10,00;
195;Quagsire;wild;3,53;Depends on Circumstances;PokemonDB Catch Rate;;;3,53;
196;Espeon;wild;1,76;Should Always Trade;PokemonDB Catch Rate;;;1,76;
197;Umbreon;wild;1,76;Should Always Trade;PokemonDB Catch Rate;;;1,76;
198;Murkrow;wild;1,18;Should Always Trade;PokemonDB Catch Rate;;;1,18;
199;Slowking;wild;2,75;Should Always Trade;PokemonDB Catch Rate;;;2,75;
199;Galarian Slowking;wild;2,75;Should Always Trade;PokemonDB Catch Rate;;;2,75;
200;Misdreavus;wild;1,76;Should Always Trade;PokemonDB Catch Rate;;;1,76;
201;Unown;wild;4,91;Depends on Circumstances;Enhanced Curated Data, PokemonDB Catch Rate;;1,00;8,82;
202;Wobbuffet;wild;1,76;Should Always Trade;PokemonDB Catch Rate;;;1,76;
203;Girafarig;wild;2,35;Should Always Trade;PokemonDB Catch Rate;;;2,35;
204;Pineco;wild;7,45;Safe to Transfer;PokemonDB Catch Rate;;;7,45;
205;Forretress;wild;2,94;Should Always Trade;PokemonDB Catch Rate;;;2,94;
206;Dunsparce;wild;7,45;Safe to Transfer;PokemonDB Catch Rate;;;7,45;
207;Gligar;wild;2,35;Should Always Trade;PokemonDB Catch Rate;;;2,35;
208;Steelix;wild;0,98;Should Always Trade;PokemonDB Catch Rate;;;0,98;
209;Snubbull;wild;5,73;Depends on Circumstances;Enhanced Curated Data, PokemonDB Catch Rate;;4,00;7,45;
210;Granbull;wild;2,94;Should Always Trade;PokemonDB Catch Rate;;;2,94;
211;Qwilfish;wild;1,76;Should Always Trade;PokemonDB Catch Rate;;;1,76;
211;Hisuian Qwilfish;wild;2,38;Should Always Trade;Enhanced Curated Data, PokemonDB Catch Rate;;3,00;1,76;
212;Scizor;wild;0,98;Should Always Trade;PokemonDB Catch Rate;;;0,98;
213;Shuckle;wild;7,45;Safe to Transfer;PokemonDB Catch Rate;;;7,45;
214;Heracross;wild;1,76;Should Always Trade;PokemonDB Catch Rate;;;1,76;
215;Sneasel;wild;2,35;Should Always Trade;PokemonDB Catch Rate;;;2,35;
215;Hisuian Sneasel;wild;2,18;Should Always Trade;Enhanced Curated Data, PokemonDB Catch Rate;;2,00;2,35;
216;Teddiursa;wild;4,35;Depends on Circumstances;Enhanced Curated Data, PokemonDB Catch Rate;;4,00;4,71;
217;Ursaring;wild;2,35;Should Always Trade;PokemonDB Catch Rate;;;2,35;
218;Slugma;wild;5,73;Depends on Circumstances;Enhanced Curated Data, PokemonDB Catch Rate;;4,00;7,45;
219;Magcargo;wild;2,94;Should Always Trade;PokemonDB Catch Rate;;;2,94;
220;Swinub;wild;6,41;Safe to Transfer;Enhanced Curated Data, PokemonDB Catch Rate;;4,00;8,82;
221;Piloswine;wild;2,94;Should Always Trade;PokemonDB Catch Rate;;;2,94;
222;Corsola;wild;2,35;Should Always Trade;PokemonDB Catch Rate;;;2,35;
222;Galarian Corsola;wild;2,68;Should Always Trade;Enhanced Curated Data, PokemonDB Catch Rate;;3,00;2,35;
223;Remoraid;wild;5,73;Depends on Circumstances;Enhanced Curated Data, PokemonDB Catch Rate;;4,00;7,45;
224;Octillery;wild;2,94;Should Always Trade;PokemonDB Catch Rate;;;2,94;
225;Delibird;wild;1,76;Should Always Trade;PokemonDB Catch Rate;;;1,76;
226;Mantine;wild;0,98;Should Always Trade;PokemonDB Catch Rate;;;0,98;
227;Skarmory;wild;0,98;Should Always Trade;PokemonDB Catch Rate;;;0,98;
228;Houndour;wild;4,35;Depends on Circumstances;Enhanced Curated Data, PokemonDB Catch Rate;;4,00;4,71;
229;Houndoom;wild;1,76;Should Always Trade;PokemonDB Catch Rate;;;1,76;
230;Kingdra;wild;1,76;Should Always Trade;PokemonDB Catch Rate;;;1,76;
231;Phanpy;wild;4,35;Depends on Circumstances;Enhanced Curated Data, PokemonDB Catch Rate;;4,00;4,71;
232;Donphan;wild;2,35;Should Always Trade;PokemonDB Catch Rate;;;2,35;
233;Porygon2;wild;1,76;Should Always Trade;PokemonDB Catch Rate;;;1,76;
234;Stantler;wild;1,76;Should Always Trade;PokemonDB Catch Rate;;;1,76;
235;Smeargle;event-only;1,76;Never Transfer (Event Only);PokemonDB Catch Rate;;;1,76;
236;Tyrogue;wild;2,94;Should Always Trade;PokemonDB Catch Rate;;;2,94;
237;Hitmontop;wild;1,76;Should Always Trade;PokemonDB Catch Rate;;;1,76;
238;Smoochum;wild;1,76;Should Always Trade;PokemonDB Catch Rate;;;1,76;
239;Elekid;wild;1,76;Should Always Trade;PokemonDB Catch Rate;;;1,76;
240;Magby;wild;1,76;Should Always Trade;PokemonDB Catch Rate;;;1,76;
241;Miltank;wild;1,76;Should Always Trade;PokemonDB Catch Rate;;;1,76;
242;Blissey;wild;1,18;Should Always Trade;PokemonDB Catch Rate;;;1,18;
243;Raikou;legendary;0,12;Never Transfer (Legendary);PokemonDB Catch Rate;;;0,12;
244;Entei;legendary;0,12;Never Transfer (Legendary);PokemonDB Catch Rate;;;0,12;
245;Suicune;legendary;0,12;Never Transfer (Legendary);PokemonDB Catch Rate;;;0,12;
246;Larvitar;wild;1,88;Should Always Trade;Enhanced Curated Data, PokemonDB Catch Rate;;2,00;1,76;
247;Pupitar;wild;1,76;Should Always Trade;PokemonDB Catch Rate;;;1,76;
248;Tyranitar;wild;1,76;Should Always Trade;PokemonDB Catch Rate;;;1,76;
249;Lugia;legendary;0,12;Never Transfer (Legendary);PokemonDB Catch Rate;;;0,12;
250;Ho-Oh;legendary;0,12;Never Transfer (Legendary);PokemonDB Catch Rate;;;0,12;
251;Celebi;legendary;1,76;Never Transfer (Legendary);PokemonDB Catch Rate;;;1,76;
252;Treecko;wild;3,88;Depends on Circumstances;Enhanced Curated Data, PokemonDB Catch Rate;;6,00;1,76;
253;Grovyle;wild;1,76;Should Always Trade;PokemonDB Catch Rate;;;1,76;
254;Sceptile;wild;1,76;Should Always Trade;PokemonDB Catch Rate;;;1,76;
255;Torchic;wild;3,88;Depends on Circumstances;Enhanced Curated Data, PokemonDB Catch Rate;;6,00;1,76;
256;Combusken;wild;1,76;Should Always Trade;PokemonDB Catch Rate;;;1,76;
257;Blaziken;wild;1,76;Should Always Trade;PokemonDB Catch Rate;;;1,76;
258;Mudkip;wild;3,88;Depends on Circumstances;Enhanced Curated Data, PokemonDB Catch Rate;;6,00;1,76;
259;Marshtomp;wild;1,76;Should Always Trade;PokemonDB Catch Rate;;;1,76;
260;Swampert;wild;1,76;Should Always Trade;PokemonDB Catch Rate;;;1,76;
261;Poochyena;wild;8,00;Safe to Transfer;Enhanced Curated Data, PokemonDB Catch Rate;;6,00;10,00;
262;Mightyena;wild;4,98;Depends on Circumstances;PokemonDB Catch Rate;;;4,98;
263;Zigzagoon;wild;9,00;Safe to Transfer;Enhanced Curated Data, PokemonDB Catch Rate;;8,00;10,00;
263;Galarian Zigzagoon;wild;8,00;Safe to Transfer;Enhanced Curated Data, PokemonDB Catch Rate;;6,00;10,00;
264;Linoone;wild;3,53;Depends on Circumstances;PokemonDB Catch Rate;;;3,53;
264;Galarian Linoone;wild;3,53;Depends on Circumstances;PokemonDB Catch Rate;;;3,53;
265;Wurmple;wild;9,00;Safe to Transfer;Enhanced Curated Data, PokemonDB Catch Rate;;8,00;10,00;
266;Silcoon;wild;4,71;Depends on Circumstances;PokemonDB Catch Rate;;;4,71;
267;Beautifly;wild;1,76;Should Always Trade;PokemonDB Catch Rate;;;1,76;
268;Cascoon;wild;4,71;Depends on Circumstances;PokemonDB Catch Rate;;;4,71;
269;Dustox;wild;1,76;Should Always Trade;PokemonDB Catch Rate;;;1,76;
270;Lotad;wild;8,00;Safe to Transfer;Enhanced Curated Data, PokemonDB Catch Rate;;6,00;10,00;
271;Lombre;wild;4,71;Depends on Circumstances;PokemonDB Catch Rate;;;4,71;
272;Ludicolo;wild;1,76;Should Always Trade;PokemonDB Catch Rate;;;1,76;
273;Seedot;wild;8,00;Safe to Transfer;Enhanced Curated Data, PokemonDB Catch Rate;;6,00;10,00;
274;Nuzleaf;wild;4,71;Depends on Circumstances;PokemonDB Catch Rate;;;4,71;
275;Shiftry;wild;1,76;Should Always Trade;PokemonDB Catch Rate;;;1,76;
276;Taillow;wild;7,42;Safe to Transfer;Enhanced Curated Data, PokemonDB Catch Rate;;7,00;7,84;
277;Swellow;wild;1,76;Should Always Trade;PokemonDB Catch Rate;;;1,76;
278;Wingull;wild;7,23;Safe to Transfer;Enhanced Curated Data, PokemonDB Catch Rate;;7,00;7,45;
279;Pelipper;wild;1,76;Should Always Trade;PokemonDB Catch Rate;;;1,76;
280;Ralts;wild;7,11;Safe to Transfer;Enhanced Curated Data, PokemonDB Catch Rate;;5,00;9,22;
281;Kirlia;wild;4,71;Depends on Circumstances;PokemonDB Catch Rate;;;4,71;
282;Gardevoir;wild;1,76;Should Always Trade;PokemonDB Catch Rate;;;1,76;
283;Surskit;wild;7,84;Safe to Transfer;PokemonDB Catch Rate;;;7,84;
284;Masquerain;wild;2,94;Should Always Trade;PokemonDB Catch Rate;;;2,94;
285;Shroomish;wild;8,00;Safe to Transfer;Enhanced Curated Data, PokemonDB Catch Rate;;6,00;10,00;
286;Breloom;wild;3,53;Depends on Circumstances;PokemonDB Catch Rate;;;3,53;
287;Slakoth;wild;10,00;Safe to Transfer;PokemonDB Catch Rate;;;10,00;
288;Vigoroth;wild;4,71;Depends on Circumstances;PokemonDB Catch Rate;;;4,71;
289;Slaking;wild;1,76;Should Always Trade;PokemonDB Catch Rate;;;1,76;
290;Nincada;wild;10,00;Safe to Transfer;PokemonDB Catch Rate;;;10,00;
291;Ninjask;wild;4,71;Depends on Circumstances;PokemonDB Catch Rate;;;4,71;
292;Shedinja;wild;1,76;Should Always Trade;PokemonDB Catch Rate;;;1,76;
293;Whismur;wild;7,23;Safe to Transfer;Enhanced Curated Data, PokemonDB Catch Rate;;7,00;7,45;
294;Loudred;wild;4,71;Depends on Circumstances;PokemonDB Catch Rate;;;4,71;
295;Exploud;wild;1,76;Should Always Trade;PokemonDB Catch Rate;;;1,76;
296;Makuhita;wild;6,53;Safe to Transfer;Enhanced Curated Data, PokemonDB Catch Rate;;6,00;7,06;
297;Hariyama;wild;7,84;Safe to Transfer;PokemonDB Catch Rate;;;7,84;
298;Azurill;wild;5,88;Depends on Circumstances;PokemonDB Catch Rate;;;5,88;
299;Nosepass;wild;10,00;Safe to Transfer;PokemonDB Catch Rate;;;10,00;
300;Skitty;wild;10,00;Safe to Transfer;PokemonDB Catch Rate;;;10,00;
301;Delcatty;wild;2,35;Should Always Trade;PokemonDB Catch Rate;;;2,35;
302;Sableye;wild;1,76;Should Always Trade;PokemonDB Catch Rate;;;1,76;
303;Mawile;wild;1,76;Should Always Trade;PokemonDB Catch Rate;;;1,76;
304;Aron;wild;6,03;Safe to Transfer;Enhanced Curated Data, PokemonDB Catch Rate;;5,00;7,06;
305;Lairon;wild;3,53;Depends on Circumstances;PokemonDB Catch Rate;;;3,53;
306;Aggron;wild;1,76;Should Always Trade;PokemonDB Catch Rate;;;1,76;
307;Meditite;wild;6,53;Safe to Transfer;Enhanced Curated Data, PokemonDB Catch Rate;;6,00;7,06;
308;Medicham;wild;3,53;Depends on Circumstances;PokemonDB Catch Rate;;;3,53;
309;Electrike;wild;5,35;Depends on Circumstances;Enhanced Curated Data, PokemonDB Catch Rate;;6,00;4,71;
310;Manectric;wild;1,76;Should Always Trade;PokemonDB Catch Rate;;;1,76;
311;Plusle;wild;6,42;Safe to Transfer;Enhanced Curated Data, PokemonDB Catch Rate;;5,00;7,84;
312;Minun;wild;6,42;Safe to Transfer;Enhanced Curated Data, PokemonDB Catch Rate;;5,00;7,84;
313;Volbeat;wild;5,88;Depends on Circumstances;PokemonDB Catch Rate;;;5,88;
314;Illumise;wild;5,88;Depends on Circumstances;PokemonDB Catch Rate;;;5,88;
315;Roselia;wild;5,44;Depends on Circumstances;Enhanced Curated Data, PokemonDB Catch Rate;;5,00;5,88;
316;Gulpin;wild;7,41;Safe to Transfer;Enhanced Curated Data, PokemonDB Catch Rate;;6,00;8,82;
317;Swalot;wild;2,94;Should Always Trade;PokemonDB Catch Rate;;;2,94;
318;Carvanha;wild;7,41;Safe to Transfer;Enhanced Curated Data, PokemonDB Catch Rate;;6,00;8,82;
319;Sharpedo;wild;2,35;Should Always Trade;PokemonDB Catch Rate;;;2,35;
320;Wailmer;wild;5,45;Depends on Circumstances;Enhanced Curated Data, PokemonDB Catch Rate;;6,00;4,90;
321;Wailord;wild;2,35;Should Always Trade;PokemonDB Catch Rate;;;2,35;
322;Numel;wild;8,00;Safe to Transfer;Enhanced Curated Data, PokemonDB Catch Rate;;6,00;10,00;
323;Camerupt;wild;5,88;Depends on Circumstances;PokemonDB Catch Rate;;;5,88;
324;Torkoal;wild;3,53;Depends on Circumstances;PokemonDB Catch Rate;;;3,53;
325;Spoink;wild;10,00;Safe to Transfer;PokemonDB Catch Rate;;;10,00;
326;Grumpig;wild;2,35;Should Always Trade;PokemonDB Catch Rate;;;2,35;
327;Spinda;event-only;10,00;Never Transfer (Event Only);PokemonDB Catch Rate;;;10,00;
328;Trapinch;wild;10,00;Safe to Transfer;PokemonDB Catch Rate;;;10,00;
329;Vibrava;wild;4,71;Depends on Circumstances;PokemonDB Catch Rate;;;4,71;
330;Flygon;wild;1,76;Should Always Trade;PokemonDB Catch Rate;;;1,76;
331;Cacnea;wild;6,73;Safe to Transfer;Enhanced Curated Data, PokemonDB Catch Rate;;6,00;7,45;
332;Cacturne;wild;2,35;Should Always Trade;PokemonDB Catch Rate;;;2,35;
333;Swablu;wild;8,50;Safe to Transfer;Enhanced Curated Data, PokemonDB Catch Rate;;7,00;10,00;
334;Altaria;wild;1,76;Should Always Trade;PokemonDB Catch Rate;;;1,76;
335;Zangoose;wild;3,26;Depends on Circumstances;Enhanced Curated Data, PokemonDB Catch Rate;;3,00;3,53;
336;Seviper;wild;3,26;Depends on Circumstances;Enhanced Curated Data, PokemonDB Catch Rate;;3,00;3,53;
337;Lunatone;wild;2,38;Should Always Trade;Enhanced Curated Data, PokemonDB Catch Rate;;3,00;1,76;
338;Solrock;wild;2,38;Should Always Trade;Enhanced Curated Data, PokemonDB Catch Rate;;3,00;1,76;
339;Barboach;wild;7,23;Safe to Transfer;Enhanced Curated Data, PokemonDB Catch Rate;;7,00;7,45;
340;Whiscash;wild;2,94;Should Always Trade;PokemonDB Catch Rate;;;2,94;
341;Corphish;wild;6,02;Safe to Transfer;Enhanced Curated Data, PokemonDB Catch Rate;;4,00;8,04;
342;Crawdaunt;wild;6,08;Safe to Transfer;PokemonDB Catch Rate;;;6,08;
343;Baltoy;wild;7,00;Safe to Transfer;Enhanced Curated Data, PokemonDB Catch Rate;;4,00;10,00;
344;Claydol;wild;3,53;Depends on Circumstances;PokemonDB Catch Rate;;;3,53;
345;Lileep;wild;2,38;Should Always Trade;Enhanced Curated Data, PokemonDB Catch Rate;;3,00;1,76;
346;Cradily;wild;1,76;Should Always Trade;PokemonDB Catch Rate;;;1,76;
347;Anorith;wild;2,38;Should Always Trade;Enhanced Curated Data, PokemonDB Catch Rate;;3,00;1,76;
348;Armaldo;wild;1,76;Should Always Trade;PokemonDB Catch Rate;;;1,76;
349;Feebas;wild;6,00;Safe to Transfer;Enhanced Curated Data, PokemonDB Catch Rate;;2,00;10,00;
350;Milotic;wild;2,35;Should Always Trade;PokemonDB Catch Rate;;;2,35;
351;Castform;wild;2,38;Should Always Trade;Enhanced Curated Data, PokemonDB Catch Rate;;3,00;1,76;
352;Kecleon;event-only;4,92;Never Transfer (Event Only);Enhanced Curated Data, PokemonDB Catch Rate;;2,00;7,84;
353;Shuppet;wild;6,41;Safe to Transfer;Enhanced Curated Data, PokemonDB Catch Rate;;4,00;8,82;
354;Banette;wild;1,76;Should Always Trade;PokemonDB Catch Rate;;;1,76;
355;Duskull;wild;5,73;Depends on Circumstances;Enhanced Curated Data, PokemonDB Catch Rate;;4,00;7,45;
356;Dusclops;wild;3,53;Depends on Circumstances;PokemonDB Catch Rate;;;3,53;
357;Tropius;wild;5,42;Depends on Circumstances;Enhanced Curated Data, PokemonDB Catch Rate;;3,00;7,84;
358;Chimecho;wild;1,88;Should Always Trade;Enhanced Curated Data, PokemonDB Catch Rate;;2,00;1,76;
359;Absol;wild;1,59;Should Always Trade;Enhanced Curated Data, PokemonDB Catch Rate;;2,00;1,18;
360;Wynaut;wild;3,95;Depends on Circumstances;Enhanced Curated Data, PokemonDB Catch Rate;;3,00;4,90;
361;Snorunt;wild;5,73;Depends on Circumstances;Enhanced Curated Data, PokemonDB Catch Rate;;4,00;7,45;
362;Glalie;wild;2,94;Should Always Trade;PokemonDB Catch Rate;;;2,94;
363;Spheal;wild;7,00;Safe to Transfer;Enhanced Curated Data, PokemonDB Catch Rate;;4,00;10,00;
364;Sealeo;wild;4,71;Depends on Circumstances;PokemonDB Catch Rate;;;4,71;
365;Walrein;wild;1,76;Should Always Trade;PokemonDB Catch Rate;;;1,76;
366;Clamperl;wild;6,50;Safe to Transfer;Enhanced Curated Data, PokemonDB Catch Rate;;3,00;10,00;
367;Huntail;wild;2,35;Should Always Trade;PokemonDB Catch Rate;;;2,35;
368;Gorebyss;wild;2,35;Should Always Trade;PokemonDB Catch Rate;;;2,35;
369;Relicanth;wild;1,49;Should Always Trade;Enhanced Curated Data, PokemonDB Catch Rate;;2,00;0,98;
370;Luvdisc;wild;6,41;Safe to Transfer;Enhanced Curated Data, PokemonDB Catch Rate;;4,00;8,82;
371;Bagon;wild;1,88;Should Always Trade;Enhanced Curated Data, PokemonDB Catch Rate;;2,00;1,76;
372;Shelgon;wild;1,76;Should Always Trade;PokemonDB Catch Rate;;;1,76;
373;Salamence;wild;1,76;Should Always Trade;PokemonDB Catch Rate;;;1,76;
374;Beldum;wild;1,06;Should Always Trade;Enhanced Curated Data, PokemonDB Catch Rate;;2,00;0,12;
375;Metang;wild;0,12;Should Always Trade;PokemonDB Catch Rate;;;0,12;
376;Metagross;wild;0,12;Should Always Trade;PokemonDB Catch Rate;;;0,12;
377;Regirock;legendary;0,12;Never Transfer (Legendary);PokemonDB Catch Rate;;;0,12;
378;Regice;legendary;0,12;Never Transfer (Legendary);PokemonDB Catch Rate;;;0,12;
379;Registeel;legendary;0,12;Never Transfer (Legendary);PokemonDB Catch Rate;;;0,12;
380;Latias;legendary;0,12;Never Transfer (Legendary);PokemonDB Catch Rate;;;0,12;
381;Latios;legendary;0,12;Never Transfer (Legendary);PokemonDB Catch Rate;;;0,12;
382;Kyogre;legendary;0,12;Never Transfer (Legendary);PokemonDB Catch Rate;;;0,12;
383;Groudon;legendary;0,12;Never Transfer (Legendary);PokemonDB Catch Rate;;;0,12;
384;Rayquaza;legendary;1,76;Never Transfer (Legendary);PokemonDB Catch Rate;;;1,76;
385;Jirachi;legendary;0,12;Never Transfer (Legendary);PokemonDB Catch Rate;;;0,12;
386;Deoxys;legendary;0,12;Never Transfer (Legendary);PokemonDB Catch Rate;;;0,12;
387;Turtwig;wild;3,88;Depends on Circumstances;Enhanced Curated Data, PokemonDB Catch Rate;;6,00;1,76;
388;Grotle;wild;1,76;Should Always Trade;PokemonDB Catch Rate;;;1,76;
389;Torterra;wild;1,76;Should Always Trade;PokemonDB Catch Rate;;;1,76;
390;Chimchar;wild;3,88;Depends on Circumstances;Enhanced Curated Data, PokemonDB Catch Rate;;6,00;1,76;
391;Monferno;wild;1,76;Should Always Trade;PokemonDB Catch Rate;;;1,76;
392;Infernape;wild;1,76;Should Always Trade;PokemonDB Catch Rate;;;1,76;
393;Piplup;wild;3,88;Depends on Circumstances;Enhanced Curated Data, PokemonDB Catch Rate;;6,00;1,76;
394;Prinplup;wild;1,76;Should Always Trade;PokemonDB Catch Rate;;;1,76;
395;Empoleon;wild;1,76;Should Always Trade;PokemonDB Catch Rate;;;1,76;
396;Starly;wild;9,00;Safe to Transfer;Enhanced Curated Data, PokemonDB Catch Rate;;8,00;10,00;
397;Staravia;wild;4,71;Depends on Circumstances;PokemonDB Catch Rate;;;4,71;
398;Staraptor;wild;1,76;Should Always Trade;PokemonDB Catch Rate;;;1,76;
399;Bidoof;wild;9,50;Safe to Transfer;Enhanced Curated Data, PokemonDB Catch Rate;;9,00;10,00;
400;Bibarel;wild;4,98;Depends on Circumstances;PokemonDB Catch Rate;;;4,98;
401;Kricketot;wild;8,00;Safe to Transfer;Enhanced Curated Data, PokemonDB Catch Rate;;6,00;10,00;
402;Kricketune;wild;1,76;Should Always Trade;PokemonDB Catch Rate;;;1,76;
403;Shinx;wild;7,61;Safe to Transfer;Enhanced Curated Data, PokemonDB Catch Rate;;6,00;9,22;
404;Luxio;wild;4,71;Depends on Circumstances;PokemonDB Catch Rate;;;4,71;
405;Luxray;wild;1,76;Should Always Trade;PokemonDB Catch Rate;;;1,76;
406;Budew;wild;10,00;Safe to Transfer;PokemonDB Catch Rate;;;10,00;
407;Roserade;wild;2,94;Should Always Trade;PokemonDB Catch Rate;;;2,94;
408;Cranidos;wild;1,88;Should Always Trade;Enhanced Curated Data, PokemonDB Catch Rate;;2,00;1,76;
409;Rampardos;wild;1,76;Should Always Trade;PokemonDB Catch Rate;;;1,76;
410;Shieldon;wild;1,88;Should Always Trade;Enhanced Curated Data, PokemonDB Catch Rate;;2,00;1,76;
411;Bastiodon;wild;1,76;Should Always Trade;PokemonDB Catch Rate;;;1,76;
412;Burmy;wild;4,71;Depends on Circumstances;PokemonDB Catch Rate;;;4,71;
413;Wormadam;wild;1,76;Should Always Trade;PokemonDB Catch Rate;;;1,76;
414;Mothim;wild;1,76;Should Always Trade;PokemonDB Catch Rate;;;1,76;
415;Combee;wild;4,71;Depends on Circumstances;PokemonDB Catch Rate;;;4,71;
416;Vespiquen;wild;1,76;Should Always Trade;PokemonDB Catch Rate;;;1,76;
417;Pachirisu;wild;7,84;Safe to Transfer;PokemonDB Catch Rate;;;7,84;
418;Buizel;wild;6,73;Safe to Transfer;Enhanced Curated Data, PokemonDB Catch Rate;;6,00;7,45;
419;Floatzel;wild;2,94;Should Always Trade;PokemonDB Catch Rate;;;2,94;
420;Cherubi;wild;6,23;Safe to Transfer;Enhanced Curated Data, PokemonDB Catch Rate;;5,00;7,45;
421;Cherrim;wild;2,94;Should Always Trade;PokemonDB Catch Rate;;;2,94;
422;Shellos;wild;6,73;Safe to Transfer;Enhanced Curated Data, PokemonDB Catch Rate;;6,00;7,45;
423;Gastrodon;wild;2,94;Should Always Trade;PokemonDB Catch Rate;;;2,94;
424;Ambipom;wild;1,76;Should Always Trade;PokemonDB Catch Rate;;;1,76;
425;Drifloon;wild;4,95;Depends on Circumstances;Enhanced Curated Data, PokemonDB Catch Rate;;5,00;4,90;
426;Drifblim;wild;2,35;Should Always Trade;PokemonDB Catch Rate;;;2,35;
427;Buneary;wild;6,73;Safe to Transfer;Enhanced Curated Data, PokemonDB Catch Rate;;6,00;7,45;
428;Lopunny;wild;2,35;Should Always Trade;PokemonDB Catch Rate;;;2,35;
429;Mismagius;wild;1,76;Should Always Trade;PokemonDB Catch Rate;;;1,76;
430;Honchkrow;wild;1,18;Should Always Trade;PokemonDB Catch Rate;;;1,18;
431;Glameow;wild;6,23;Safe to Transfer;Enhanced Curated Data, PokemonDB Catch Rate;;5,00;7,45;
432;Purugly;wild;2,94;Should Always Trade;PokemonDB Catch Rate;;;2,94;
433;Chingling;wild;3,35;Depends on Circumstances;Enhanced Curated Data, PokemonDB Catch Rate;;2,00;4,71;
434;Stunky;wild;6,91;Safe to Transfer;Enhanced Curated Data, PokemonDB Catch Rate;;5,00;8,82;
435;Skuntank;wild;2,35;Should Always Trade;PokemonDB Catch Rate;;;2,35;
436;Bronzor;wild;7,50;Safe to Transfer;Enhanced Curated Data, PokemonDB Catch Rate;;5,00;10,00;
437;Bronzong;wild;3,53;Depends on Circumstances;PokemonDB Catch Rate;;;3,53;
438;Bonsly;wild;6,50;Safe to Transfer;Enhanced Curated Data, PokemonDB Catch Rate;;3,00;10,00;
439;Mime Jr.;wild;3,84;Depends on Circumstances;Enhanced Curated Data, PokemonDB Catch Rate;;2,00;5,69;
440;Happiny;wild;3,55;Depends on Circumstances;Enhanced Curated Data, PokemonDB Catch Rate;;2,00;5,10;
441;Chatot;event-only;1,09;Never Transfer (Event Only);Enhanced Curated Data, PokemonDB Catch Rate;;1,00;1,18;
442;Spiritomb;event-only;2,46;Never Transfer (Event Only);Enhanced Curated Data, PokemonDB Catch Rate;;1,00;3,92;
443;Gible;wild;1,38;Should Always Trade;Enhanced Curated Data, PokemonDB Catch Rate;;1,00;1,76;
444;Gabite;wild;1,76;Should Always Trade;PokemonDB Catch Rate;;;1,76;
445;Garchomp;wild;1,76;Should Always Trade;PokemonDB Catch Rate;;;1,76;
446;Munchlax;wild;1,98;Should Always Trade;Enhanced Curated Data, PokemonDB Catch Rate;;2,00;1,96;
447;Riolu;wild;2,47;Should Always Trade;Enhanced Curated Data, PokemonDB Catch Rate;;2,00;2,94;
448;Lucario;wild;1,76;Should Always Trade;PokemonDB Catch Rate;;;1,76;
449;Hippopotas;wild;5,49;Depends on Circumstances;PokemonDB Catch Rate;;;5,49;
450;Hippowdon;wild;2,35;Should Always Trade;PokemonDB Catch Rate;;;2,35;
451;Skorupi;wild;4,71;Depends on Circumstances;PokemonDB Catch Rate;;;4,71;
452;Drapion;wild;1,76;Should Always Trade;PokemonDB Catch Rate;;;1,76;
453;Croagunk;wild;5,49;Depends on Circumstances;PokemonDB Catch Rate;;;5,49;
454;Toxicroak;wild;2,94;Should Always Trade;PokemonDB Catch Rate;;;2,94;
455;Carnivine;wild;4,92;Depends on Circumstances;Enhanced Curated Data, PokemonDB Catch Rate;;2,00;7,84;
456;Finneon;wild;6,73;Safe to Transfer;Enhanced Curated Data, PokemonDB Catch Rate;;6,00;7,45;
457;Lumineon;wild;2,94;Should Always Trade;PokemonDB Catch Rate;;;2,94;
458;Mantyke;wild;1,99;Should Always Trade;Enhanced Curated Data, PokemonDB Catch Rate;;3,00;0,98;
459;Snover;wild;5,35;Depends on Circumstances;Enhanced Curated Data, PokemonDB Catch Rate;;6,00;4,71;
460;Abomasnow;wild;2,35;Should Always Trade;PokemonDB Catch Rate;;;2,35;
461;Weavile;wild;1,76;Should Always Trade;PokemonDB Catch Rate;;;1,76;
462;Magnezone;wild;1,18;Should Always Trade;PokemonDB Catch Rate;;;1,18;
463;Lickilicky;wild;1,18;Should Always Trade;PokemonDB Catch Rate;;;1,18;
464;Rhyperior;wild;1,18;Should Always Trade;PokemonDB Catch Rate;;;1,18;
465;Tangrowth;wild;1,18;Should Always Trade;PokemonDB Catch Rate;;;1,18;
466;Electivire;wild;1,18;Should Always Trade;PokemonDB Catch Rate;;;1,18;
467;Magmortar;wild;1,18;Should Always Trade;PokemonDB Catch Rate;;;1,18;
468;Togekiss;wild;1,18;Should Always Trade;PokemonDB Catch Rate;;;1,18;
469;Yanmega;wild;1,18;Should Always Trade;PokemonDB Catch Rate;;;1,18;
470;Leafeon;wild;1,76;Should Always Trade;PokemonDB Catch Rate;;;1,76;
471;Glaceon;wild;1,76;Should Always Trade;PokemonDB Catch Rate;;;1,76;
472;Gliscor;wild;1,18;Should Always Trade;PokemonDB Catch Rate;;;1,18;
473;Mamoswine;wild;1,96;Should Always Trade;PokemonDB Catch Rate;;;1,96;
474;Porygon-Z;wild;1,18;Should Always Trade;PokemonDB Catch Rate;;;1,18;
475;Gallade;wild;1,76;Should Always Trade;PokemonDB Catch Rate;;;1,76;
476;Probopass;wild;2,35;Should Always Trade;PokemonDB Catch Rate;;;2,35;
477;Dusknoir;wild;1,76;Should Always Trade;PokemonDB Catch Rate;;;1,76;
478;Froslass;wild;2,94;Should Always Trade;PokemonDB Catch Rate;;;2,94;
479;Rotom;event-only;1,88;Never Transfer (Event Only);Enhanced Curated Data, PokemonDB Catch Rate;;2,00;1,76;
480;Uxie;legendary;0,12;Never Transfer (Legendary);PokemonDB Catch Rate;;;0,12;
481;Mesprit;legendary;0,12;Never Transfer (Legendary);PokemonDB Catch Rate;;;0,12;
482;Azelf;legendary;0,12;Never Transfer (Legendary);PokemonDB Catch Rate;;;0,12;
483;Dialga;legendary;0,12;Never Transfer (Legendary);PokemonDB Catch Rate;;;0,12;
484;Palkia;legendary;0,12;Never Transfer (Legendary);PokemonDB Catch Rate;;;0,12;
485;Heatran;legendary;0,12;Never Transfer (Legendary);PokemonDB Catch Rate;;;0,12;
486;Regigigas;legendary;0,12;Never Transfer (Legendary);PokemonDB Catch Rate;;;0,12;
487;Giratina;legendary;0,12;Never Transfer (Legendary);PokemonDB Catch Rate;;;0,12;
488;Cresselia;legendary;0,12;Never Transfer (Legendary);PokemonDB Catch Rate;;;0,12;
489;Phione;legendary;1,18;Never Transfer (Legendary);PokemonDB Catch Rate;;;1,18;
490;Manaphy;legendary;0,12;Never Transfer (Legendary);PokemonDB Catch Rate;;;0,12;
491;Darkrai;legendary;0,12;Never Transfer (Legendary);PokemonDB Catch Rate;;;0,12;
492;Shaymin;legendary;1,76;Never Transfer (Legendary);PokemonDB Catch Rate;;;1,76;
493;Arceus;legendary;0,12;Never Transfer (Legendary);PokemonDB Catch Rate;;;0,12;
494;Victini;legendary;0,12;Never Transfer (Legendary);PokemonDB Catch Rate;;;0,12;
495;Snivy;wild;3,88;Depends on Circumstances;Enhanced Curated Data, PokemonDB Catch Rate;;6,00;1,76;
496;Servine;wild;1,76;Should Always Trade;PokemonDB Catch Rate;;;1,76;
497;Serperior;wild;1,76;Should Always Trade;PokemonDB Catch Rate;;;1,76;
498;Tepig;wild;3,88;Depends on Circumstances;Enhanced Curated Data, PokemonDB Catch Rate;;6,00;1,76;
499;Pignite;wild;1,76;Should Always Trade;PokemonDB Catch Rate;;;1,76;
500;Emboar;wild;1,76;Should Always Trade;PokemonDB Catch Rate;;;1,76;
501;Oshawott;wild;3,88;Depends on Circumstances;Enhanced Curated Data, PokemonDB Catch Rate;;6,00;1,76;
502;Dewott;wild;1,76;Should Always Trade;PokemonDB Catch Rate;;;1,76;
503;Samurott;wild;1,76;Should Always Trade;PokemonDB Catch Rate;;;1,76;
503;Hisuian Samurott;wild;1,38;Should Always Trade;Enhanced Curated Data, PokemonDB Catch Rate;;1,00;1,76;
504;Patrat;wild;9,00;Safe to Transfer;Enhanced Curated Data, PokemonDB Catch Rate;;8,00;10,00;
505;Watchog;wild;10,00;Safe to Transfer;PokemonDB Catch Rate;;;10,00;
506;Lillipup;wild;9,00;Safe to Transfer;Enhanced Curated Data, PokemonDB Catch Rate;;8,00;10,00;
507;Herdier;wild;4,71;Depends on Circumstances;PokemonDB Catch Rate;;;4,71;
508;Stoutland;wild;1,76;Should Always Trade;PokemonDB Catch Rate;;;1,76;
509;Purrloin;wild;10,00;Safe to Transfer;PokemonDB Catch Rate;;;10,00;
510;Liepard;wild;3,53;Depends on Circumstances;PokemonDB Catch Rate;;;3,53;
511;Pansage;wild;7,45;Safe to Transfer;PokemonDB Catch Rate;;;7,45;
512;Simisage;wild;2,94;Should Always Trade;PokemonDB Catch Rate;;;2,94;
513;Pansear;wild;7,45;Safe to Transfer;PokemonDB Catch Rate;;;7,45;
514;Simisear;wild;2,94;Should Always Trade;PokemonDB Catch Rate;;;2,94;
515;Panpour;wild;7,45;Safe to Transfer;PokemonDB Catch Rate;;;7,45;
516;Simipour;wild;2,94;Should Always Trade;PokemonDB Catch Rate;;;2,94;
517;Munna;wild;7,45;Safe to Transfer;PokemonDB Catch Rate;;;7,45;
518;Musharna;wild;2,94;Should Always Trade;PokemonDB Catch Rate;;;2,94;
519;Pidove;wild;9,00;Safe to Transfer;Enhanced Curated Data, PokemonDB Catch Rate;;8,00;10,00;
520;Tranquill;wild;4,71;Depends on Circumstances;PokemonDB Catch Rate;;;4,71;
521;Unfezant;wild;1,76;Should Always Trade;PokemonDB Catch Rate;;;1,76;
522;Blitzle;wild;7,45;Safe to Transfer;PokemonDB Catch Rate;;;7,45;
523;Zebstrika;wild;2,94;Should Always Trade;PokemonDB Catch Rate;;;2,94;
524;Roggenrola;wild;8,00;Safe to Transfer;Enhanced Curated Data, PokemonDB Catch Rate;;6,00;10,00;
525;Boldore;wild;4,71;Depends on Circumstances;PokemonDB Catch Rate;;;4,71;
526;Gigalith;wild;1,76;Should Always Trade;PokemonDB Catch Rate;;;1,76;
527;Woobat;wild;6,73;Safe to Transfer;Enhanced Curated Data, PokemonDB Catch Rate;;6,00;7,45;
528;Swoobat;wild;1,76;Should Always Trade;PokemonDB Catch Rate;;;1,76;
529;Drilbur;wild;4,85;Depends on Circumstances;Enhanced Curated Data, PokemonDB Catch Rate;;5,00;4,71;
530;Excadrill;wild;2,35;Should Always Trade;PokemonDB Catch Rate;;;2,35;
531;Audino;wild;7,00;Safe to Transfer;Enhanced Curated Data, PokemonDB Catch Rate;;4,00;10,00;
532;Timburr;wild;5,53;Depends on Circumstances;Enhanced Curated Data, PokemonDB Catch Rate;;4,00;7,06;
533;Gurdurr;wild;3,53;Depends on Circumstances;PokemonDB Catch Rate;;;3,53;
534;Conkeldurr;wild;1,76;Should Always Trade;PokemonDB Catch Rate;;;1,76;
535;Tympole;wild;8,00;Safe to Transfer;Enhanced Curated Data, PokemonDB Catch Rate;;6,00;10,00;
536;Palpitoad;wild;4,71;Depends on Circumstances;PokemonDB Catch Rate;;;4,71;
537;Seismitoad;wild;1,76;Should Always Trade;PokemonDB Catch Rate;;;1,76;
538;Throh;wild;2,38;Should Always Trade;Enhanced Curated Data, PokemonDB Catch Rate;;3,00;1,76;
539;Sawk;wild;2,38;Should Always Trade;Enhanced Curated Data, PokemonDB Catch Rate;;3,00;1,76;
540;Sewaddle;wild;7,50;Safe to Transfer;Enhanced Curated Data, PokemonDB Catch Rate;;5,00;10,00;
541;Swadloon;wild;4,71;Depends on Circumstances;PokemonDB Catch Rate;;;4,71;
542;Leavanny;wild;1,76;Should Always Trade;PokemonDB Catch Rate;;;1,76;
543;Venipede;wild;7,50;Safe to Transfer;Enhanced Curated Data, PokemonDB Catch Rate;;5,00;10,00;
544;Whirlipede;wild;4,71;Depends on Circumstances;PokemonDB Catch Rate;;;4,71;
545;Scolipede;wild;1,76;Should Always Trade;PokemonDB Catch Rate;;;1,76;
546;Cottonee;wild;6,23;Safe to Transfer;Enhanced Curated Data, PokemonDB Catch Rate;;5,00;7,45;
547;Whimsicott;wild;2,94;Should Always Trade;PokemonDB Catch Rate;;;2,94;
548;Petilil;wild;6,23;Safe to Transfer;Enhanced Curated Data, PokemonDB Catch Rate;;5,00;7,45;
549;Lilligant;wild;2,94;Should Always Trade;PokemonDB Catch Rate;;;2,94;
549;Hisuian Lilligant;wild;1,97;Should Always Trade;Enhanced Curated Data, PokemonDB Catch Rate;;1,00;2,94;
550;Basculin;wild;2,99;Should Always Trade;Enhanced Curated Data, PokemonDB Catch Rate;;5,00;0,98;
551;Sandile;wild;6,03;Safe to Transfer;Enhanced Curated Data, PokemonDB Catch Rate;;5,00;7,06;
552;Krokorok;wild;3,53;Depends on Circumstances;PokemonDB Catch Rate;;;3,53;
553;Krookodile;wild;1,76;Should Always Trade;PokemonDB Catch Rate;;;1,76;
554;Darumaka;wild;4,85;Depends on Circumstances;Enhanced Curated Data, PokemonDB Catch Rate;;5,00;4,71;
554;Galarian Darumaka;wild;3,85;Depends on Circumstances;Enhanced Curated Data, PokemonDB Catch Rate;;3,00;4,71;
555;Darmanitan;wild;2,35;Should Always Trade;PokemonDB Catch Rate;;;2,35;
555;Galarian Darmanitan;wild;2,35;Should Always Trade;PokemonDB Catch Rate;;;2,35;
556;Maractus;wild;6,00;Safe to Transfer;Enhanced Curated Data, PokemonDB Catch Rate;;2,00;10,00;
557;Dwebble;wild;6,23;Safe to Transfer;Enhanced Curated Data, PokemonDB Catch Rate;;5,00;7,45;
558;Crustle;wild;2,94;Should Always Trade;PokemonDB Catch Rate;;;2,94;
559;Scraggy;wild;6,03;Safe to Transfer;Enhanced Curated Data, PokemonDB Catch Rate;;5,00;7,06;
560;Scrafty;wild;3,53;Depends on Circumstances;PokemonDB Catch Rate;;;3,53;
561;Sigilyph;wild;1,88;Should Always Trade;Enhanced Curated Data, PokemonDB Catch Rate;;2,00;1,76;
562;Yamask;wild;5,23;Depends on Circumstances;Enhanced Curated Data, PokemonDB Catch Rate;;3,00;7,45;
562;Galarian Yamask;wild;5,23;Depends on Circumstances;Enhanced Curated Data, PokemonDB Catch Rate;;3,00;7,45;
563;Cofagrigus;wild;3,53;Depends on Circumstances;PokemonDB Catch Rate;;;3,53;
564;Tirtouga;wild;1,88;Should Always Trade;Enhanced Curated Data, PokemonDB Catch Rate;;2,00;1,76;
565;Carracosta;wild;1,76;Should Always Trade;PokemonDB Catch Rate;;;1,76;
566;Archen;wild;1,88;Should Always Trade;Enhanced Curated Data, PokemonDB Catch Rate;;2,00;1,76;
567;Archeops;wild;1,76;Should Always Trade;PokemonDB Catch Rate;;;1,76;
568;Trubbish;wild;6,73;Safe to Transfer;Enhanced Curated Data, PokemonDB Catch Rate;;6,00;7,45;
569;Garbodor;wild;2,35;Should Always Trade;PokemonDB Catch Rate;;;2,35;
570;Zorua;wild;1,97;Should Always Trade;Enhanced Curated Data, PokemonDB Catch Rate;;1,00;2,94;
570;Hisuian Zorua;wild;1,97;Should Always Trade;Enhanced Curated Data, PokemonDB Catch Rate;;1,00;2,94;
571;Zoroark;wild;1,76;Should Always Trade;PokemonDB Catch Rate;;;1,76;
571;Hisuian Zoroark;wild;1,38;Should Always Trade;Enhanced Curated Data, PokemonDB Catch Rate;;1,00;1,76;
572;Minccino;wild;7,50;Safe to Transfer;Enhanced Curated Data, PokemonDB Catch Rate;;5,00;10,00;
573;Cinccino;wild;2,35;Should Always Trade;PokemonDB Catch Rate;;;2,35;
574;Gothita;wild;6,42;Safe to Transfer;Enhanced Curated Data, PokemonDB Catch Rate;;5,00;7,84;
575;Gothorita;wild;3,92;Depends on Circumstances;PokemonDB Catch Rate;;;3,92;
576;Gothitelle;wild;1,96;Should Always Trade;PokemonDB Catch Rate;;;1,96;
577;Solosis;wild;6,42;Safe to Transfer;Enhanced Curated Data, PokemonDB Catch Rate;;5,00;7,84;
578;Duosion;wild;3,92;Depends on Circumstances;PokemonDB Catch Rate;;;3,92;
579;Reuniclus;wild;1,96;Should Always Trade;PokemonDB Catch Rate;;;1,96;
580;Ducklett;wild;6,23;Safe to Transfer;Enhanced Curated Data, PokemonDB Catch Rate;;5,00;7,45;
581;Swanna;wild;1,76;Should Always Trade;PokemonDB Catch Rate;;;1,76;
582;Vanillite;wild;7,50;Safe to Transfer;Enhanced Curated Data, PokemonDB Catch Rate;;5,00;10,00;
583;Vanillish;wild;4,71;Depends on Circumstances;PokemonDB Catch Rate;;;4,71;
584;Vanilluxe;wild;1,76;Should Always Trade;PokemonDB Catch Rate;;;1,76;
585;Deerling;wild;6,23;Safe to Transfer;Enhanced Curated Data, PokemonDB Catch Rate;;5,00;7,45;
586;Sawsbuck;wild;2,94;Should Always Trade;PokemonDB Catch Rate;;;2,94;
587;Emolga;wild;4,92;Depends on Circumstances;Enhanced Curated Data, PokemonDB Catch Rate;;2,00;7,84;
588;Karrablast;wild;5,42;Depends on Circumstances;Enhanced Curated Data, PokemonDB Catch Rate;;3,00;7,84;
589;Escavalier;wild;2,94;Should Always Trade;PokemonDB Catch Rate;;;2,94;
590;Foongus;wild;6,23;Safe to Transfer;Enhanced Curated Data, PokemonDB Catch Rate;;5,00;7,45;
591;Amoonguss;wild;2,94;Should Always Trade;PokemonDB Catch Rate;;;2,94;
592;Frillish;wild;6,23;Safe to Transfer;Enhanced Curated Data, PokemonDB Catch Rate;;5,00;7,45;
593;Jellicent;wild;2,35;Should Always Trade;PokemonDB Catch Rate;;;2,35;
594;Alomomola;wild;2,47;Should Always Trade;Enhanced Curated Data, PokemonDB Catch Rate;;2,00;2,94;
595;Joltik;wild;6,23;Safe to Transfer;Enhanced Curated Data, PokemonDB Catch Rate;;5,00;7,45;
596;Galvantula;wild;2,94;Should Always Trade;PokemonDB Catch Rate;;;2,94;
597;Ferroseed;wild;7,50;Safe to Transfer;Enhanced Curated Data, PokemonDB Catch Rate;;5,00;10,00;
598;Ferrothorn;wild;3,53;Depends on Circumstances;PokemonDB Catch Rate;;;3,53;
599;Klink;wild;4,55;Depends on Circumstances;Enhanced Curated Data, PokemonDB Catch Rate;;4,00;5,10;
600;Klang;wild;2,35;Should Always Trade;PokemonDB Catch Rate;;;2,35;
601;Klinklang;wild;1,18;Should Always Trade;PokemonDB Catch Rate;;;1,18;
602;Tynamo;wild;4,73;Depends on Circumstances;Enhanced Curated Data, PokemonDB Catch Rate;;2,00;7,45;
603;Eelektrik;wild;2,35;Should Always Trade;PokemonDB Catch Rate;;;2,35;
604;Eelektross;wild;1,18;Should Always Trade;PokemonDB Catch Rate;;;1,18;
605;Elgyem;wild;6,00;Safe to Transfer;Enhanced Curated Data, PokemonDB Catch Rate;;2,00;10,00;
606;Beheeyem;wild;3,53;Depends on Circumstances;PokemonDB Catch Rate;;;3,53;
607;Litwick;wild;6,23;Safe to Transfer;Enhanced Curated Data, PokemonDB Catch Rate;;5,00;7,45;
608;Lampent;wild;3,53;Depends on Circumstances;PokemonDB Catch Rate;;;3,53;
609;Chandelure;wild;1,76;Should Always Trade;PokemonDB Catch Rate;;;1,76;
610;Axew;wild;1,97;Should Always Trade;Enhanced Curated Data, PokemonDB Catch Rate;;1,00;2,94;
611;Fraxure;wild;2,35;Should Always Trade;PokemonDB Catch Rate;;;2,35;
612;Haxorus;wild;1,76;Should Always Trade;PokemonDB Catch Rate;;;1,76;
613;Cubchoo;wild;4,85;Depends on Circumstances;Enhanced Curated Data, PokemonDB Catch Rate;;5,00;4,71;
614;Beartic;wild;2,35;Should Always Trade;PokemonDB Catch Rate;;;2,35;
615;Cryogonal;wild;1,49;Should Always Trade;Enhanced Curated Data, PokemonDB Catch Rate;;2,00;0,98;
616;Shelmet;wild;5,92;Depends on Circumstances;Enhanced Curated Data, PokemonDB Catch Rate;;4,00;7,84;
617;Accelgor;wild;2,94;Should Always Trade;PokemonDB Catch Rate;;;2,94;
618;Stunfisk;wild;2,47;Should Always Trade;Enhanced Curated Data, PokemonDB Catch Rate;;2,00;2,94;
618;Galarian Stunfisk;wild;2,97;Should Always Trade;Enhanced Curated Data, PokemonDB Catch Rate;;3,00;2,94;
619;Mienfoo;wild;6,03;Safe to Transfer;Enhanced Curated Data, PokemonDB Catch Rate;;5,00;7,06;
620;Mienshao;wild;1,76;Should Always Trade;PokemonDB Catch Rate;;;1,76;
621;Druddigon;wild;1,88;Should Always Trade;Enhanced Curated Data, PokemonDB Catch Rate;;2,00;1,76;
622;Golett;wild;5,73;Depends on Circumstances;Enhanced Curated Data, PokemonDB Catch Rate;;4,00;7,45;
623;Golurk;wild;3,53;Depends on Circumstances;PokemonDB Catch Rate;;;3,53;
624;Pawniard;wild;4,35;Depends on Circumstances;Enhanced Curated Data, PokemonDB Catch Rate;;4,00;4,71;
625;Bisharp;wild;1,76;Should Always Trade;PokemonDB Catch Rate;;;1,76;
626;Bouffalant;wild;1,88;Should Always Trade;Enhanced Curated Data, PokemonDB Catch Rate;;2,00;1,76;
627;Rufflet;wild;4,73;Depends on Circumstances;Enhanced Curated Data, PokemonDB Catch Rate;;2,00;7,45;
628;Braviary;wild;2,35;Should Always Trade;PokemonDB Catch Rate;;;2,35;
628;Hisuian Braviary;wild;1,68;Should Always Trade;Enhanced Curated Data, PokemonDB Catch Rate;;1,00;2,35;
629;Vullaby;wild;4,73;Depends on Circumstances;Enhanced Curated Data, PokemonDB Catch Rate;;2,00;7,45;
630;Mandibuzz;wild;2,35;Should Always Trade;PokemonDB Catch Rate;;;2,35;
631;Heatmor;wild;2,76;Should Always Trade;Enhanced Curated Data, PokemonDB Catch Rate;;2,00;3,53;
632;Durant;wild;2,76;Should Always Trade;Enhanced Curated Data, PokemonDB Catch Rate;;2,00;3,53;
633;Deino;wild;1,38;Should Always Trade;Enhanced Curated Data, PokemonDB Catch Rate;;1,00;1,76;
634;Zweilous;wild;1,76;Should Always Trade;PokemonDB Catch Rate;;;1,76;
635;Hydreigon;wild;1,76;Should Always Trade;PokemonDB Catch Rate;;;1,76;
636;Larvesta;wild;1,38;Should Always Trade;Enhanced Curated Data, PokemonDB Catch Rate;;1,00;1,76;
637;Volcarona;wild;0,59;Should Always Trade;PokemonDB Catch Rate;;;0,59;
638;Cobalion;legendary;0,12;Never Transfer (Legendary);PokemonDB Catch Rate;;;0,12;
639;Terrakion;legendary;0,12;Never Transfer (Legendary);PokemonDB Catch Rate;;;0,12;
640;Virizion;legendary;0,12;Never Transfer (Legendary);PokemonDB Catch Rate;;;0,12;
641;Tornadus;legendary;0,12;Never Transfer (Legendary);PokemonDB Catch Rate;;;0,12;
642;Thundurus;legendary;0,12;Never Transfer (Legendary);PokemonDB Catch Rate;;;0,12;
643;Reshiram;legendary;0,12;Never Transfer (Legendary);PokemonDB Catch Rate;;;0,12;
644;Zekrom;legendary;0,12;Never Transfer (Legendary);PokemonDB Catch Rate;;;0,12;
645;Landorus;legendary;0,12;Never Transfer (Legendary);PokemonDB Catch Rate;;;0,12;
646;Kyurem;legendary;0,12;Never Transfer (Legendary);PokemonDB Catch Rate;;;0,12;
647;Keldeo;legendary;0,12;Never Transfer (Legendary);PokemonDB Catch Rate;;;0,12;
648;Meloetta;legendary;0,12;Never Transfer (Legendary);PokemonDB Catch Rate;;;0,12;
649;Genesect;legendary;0,12;Never Transfer (Legendary);PokemonDB Catch Rate;;;0,12;
650;Chespin;wild;3,88;Depends on Circumstances;Enhanced Curated Data, PokemonDB Catch Rate;;6,00;1,76;
651;Quilladin;wild;1,76;Should Always Trade;PokemonDB Catch Rate;;;1,76;
652;Chesnaught;wild;1,76;Should Always Trade;PokemonDB Catch Rate;;;1,76;
653;Fennekin;wild;3,88;Depends on Circumstances;Enhanced Curated Data, PokemonDB Catch Rate;;6,00;1,76;
654;Braixen;wild;1,76;Should Always Trade;PokemonDB Catch Rate;;;1,76;
655;Delphox;wild;1,76;Should Always Trade;PokemonDB Catch Rate;;;1,76;
656;Froakie;wild;3,88;Depends on Circumstances;Enhanced Curated Data, PokemonDB Catch Rate;;6,00;1,76;
657;Frogadier;wild;1,76;Should Always Trade;PokemonDB Catch Rate;;;1,76;
658;Greninja;wild;1,76;Should Always Trade;PokemonDB Catch Rate;;;1,76;
659;Bunnelby;wild;9,00;Safe to Transfer;Enhanced Curated Data, PokemonDB Catch Rate;;8,00;10,00;
660;Diggersby;wild;4,98;Depends on Circumstances;PokemonDB Catch Rate;;;4,98;
661;Fletchling;wild;9,00;Safe to Transfer;Enhanced Curated Data, PokemonDB Catch Rate;;8,00;10,00;
662;Fletchinder;wild;4,71;Depends on Circumstances;PokemonDB Catch Rate;;;4,71;
663;Talonflame;wild;1,76;Should Always Trade;PokemonDB Catch Rate;;;1,76;
664;Scatterbug;wild;10,00;Safe to Transfer;PokemonDB Catch Rate;;;10,00;
665;Spewpa;wild;4,71;Depends on Circumstances;PokemonDB Catch Rate;;;4,71;
666;Vivillon;wild;1,76;Should Always Trade;PokemonDB Catch Rate;;;1,76;
667;Litleo;wild;6,81;Safe to Transfer;Enhanced Curated Data, PokemonDB Catch Rate;;5,00;8,63;
668;Pyroar;wild;2,55;Should Always Trade;PokemonDB Catch Rate;;;2,55;
669;Flabébé;wild;6,91;Safe to Transfer;Enhanced Curated Data, PokemonDB Catch Rate;;5,00;8,82;
670;Floette;wild;4,71;Depends on Circumstances;PokemonDB Catch Rate;;;4,71;
671;Florges;wild;1,76;Should Always Trade;PokemonDB Catch Rate;;;1,76;
672;Skiddo;wild;6,42;Safe to Transfer;Enhanced Curated Data, PokemonDB Catch Rate;;5,00;7,84;
673;Gogoat;wild;1,76;Should Always Trade;PokemonDB Catch Rate;;;1,76;
674;Pancham;wild;6,31;Safe to Transfer;Enhanced Curated Data, PokemonDB Catch Rate;;4,00;8,63;
675;Pangoro;wild;2,55;Should Always Trade;PokemonDB Catch Rate;;;2,55;
676;Furfrou;wild;4,64;Depends on Circumstances;Enhanced Curated Data, PokemonDB Catch Rate;;3,00;6,27;
677;Espurr;wild;6,23;Safe to Transfer;Enhanced Curated Data, PokemonDB Catch Rate;;5,00;7,45;
678;Meowstic;wild;2,94;Should Always Trade;PokemonDB Catch Rate;;;2,94;
679;Honedge;wild;5,53;Depends on Circumstances;Enhanced Curated Data, PokemonDB Catch Rate;;4,00;7,06;
680;Doublade;wild;3,53;Depends on Circumstances;PokemonDB Catch Rate;;;3,53;
681;Aegislash;wild;1,76;Should Always Trade;PokemonDB Catch Rate;;;1,76;
682;Spritzee;wild;5,92;Depends on Circumstances;Enhanced Curated Data, PokemonDB Catch Rate;;4,00;7,84;
683;Aromatisse;wild;5,49;Depends on Circumstances;PokemonDB Catch Rate;;;5,49;
684;Swirlix;wild;5,92;Depends on Circumstances;Enhanced Curated Data, PokemonDB Catch Rate;;4,00;7,84;
685;Slurpuff;wild;5,49;Depends on Circumstances;PokemonDB Catch Rate;;;5,49;
686;Inkay;wild;5,73;Depends on Circumstances;Enhanced Curated Data, PokemonDB Catch Rate;;4,00;7,45;
687;Malamar;wild;3,14;Depends on Circumstances;PokemonDB Catch Rate;;;3,14;
688;Binacle;wild;4,85;Depends on Circumstances;Enhanced Curated Data, PokemonDB Catch Rate;;5,00;4,71;
689;Barbaracle;wild;1,76;Should Always Trade;PokemonDB Catch Rate;;;1,76;
690;Skrelp;wild;6,91;Safe to Transfer;Enhanced Curated Data, PokemonDB Catch Rate;;5,00;8,82;
691;Dragalge;wild;2,16;Should Always Trade;PokemonDB Catch Rate;;;2,16;
692;Clauncher;wild;6,91;Safe to Transfer;Enhanced Curated Data, PokemonDB Catch Rate;;5,00;8,82;
693;Clawitzer;wild;2,16;Should Always Trade;PokemonDB Catch Rate;;;2,16;
694;Helioptile;wild;6,23;Safe to Transfer;Enhanced Curated Data, PokemonDB Catch Rate;;5,00;7,45;
695;Heliolisk;wild;2,94;Should Always Trade;PokemonDB Catch Rate;;;2,94;
696;Tyrunt;wild;2,38;Should Always Trade;Enhanced Curated Data, PokemonDB Catch Rate;;3,00;1,76;
697;Tyrantrum;wild;1,76;Should Always Trade;PokemonDB Catch Rate;;;1,76;
698;Amaura;wild;2,38;Should Always Trade;Enhanced Curated Data, PokemonDB Catch Rate;;3,00;1,76;
699;Aurorus;wild;1,76;Should Always Trade;PokemonDB Catch Rate;;;1,76;
700;Sylveon;wild;1,76;Should Always Trade;PokemonDB Catch Rate;;;1,76;
701;Hawlucha;wild;3,96;Depends on Circumstances;Enhanced Curated Data, PokemonDB Catch Rate;;4,00;3,92;
702;Dedenne;wild;5,53;Depends on Circumstances;Enhanced Curated Data, PokemonDB Catch Rate;;4,00;7,06;
703;Carbink;wild;2,68;Should Always Trade;Enhanced Curated Data, PokemonDB Catch Rate;;3,00;2,35;
704;Goomy;wild;1,88;Should Always Trade;Enhanced Curated Data, PokemonDB Catch Rate;;2,00;1,76;
705;Sliggoo;wild;1,76;Should Always Trade;PokemonDB Catch Rate;;;1,76;
705;Hisuian Sliggoo;wild;1,38;Should Always Trade;Enhanced Curated Data, PokemonDB Catch Rate;;1,00;1,76;
706;Goodra;wild;1,76;Should Always Trade;PokemonDB Catch Rate;;;1,76;
706;Hisuian Goodra;wild;1,38;Should Always Trade;Enhanced Curated Data, PokemonDB Catch Rate;;1,00;1,76;
707;Klefki;wild;3,47;Depends on Circumstances;Enhanced Curated Data, PokemonDB Catch Rate;;4,00;2,94;
708;Phantump;wild;4,35;Depends on Circumstances;Enhanced Curated Data, PokemonDB Catch Rate;;4,00;4,71;
709;Trevenant;wild;2,35;Should Always Trade;PokemonDB Catch Rate;;;2,35;
710;Pumpkaboo;wild;4,35;Depends on Circumstances;Enhanced Curated Data, PokemonDB Catch Rate;;4,00;4,71;
711;Gourgeist;wild;2,35;Should Always Trade;PokemonDB Catch Rate;;;2,35;
712;Bergmite;wild;6,23;Safe to Transfer;Enhanced Curated Data, PokemonDB Catch Rate;;5,00;7,45;
713;Avalugg;wild;2,16;Should Always Trade;PokemonDB Catch Rate;;;2,16;
713;Hisuian Avalugg;wild;1,58;Should Always Trade;Enhanced Curated Data, PokemonDB Catch Rate;;1,00;2,16;
714;Noibat;wild;5,73;Depends on Circumstances;Enhanced Curated Data, PokemonDB Catch Rate;;4,00;7,45;
715;Noivern;wild;1,76;Should Always Trade;PokemonDB Catch Rate;;;1,76;
716;Xerneas;legendary;1,76;Never Transfer (Legendary);PokemonDB Catch Rate;;;1,76;
717;Yveltal;legendary;1,76;Never Transfer (Legendary);PokemonDB Catch Rate;;;1,76;
718;Zygarde;legendary;0,12;Never Transfer (Legendary);PokemonDB Catch Rate;;;0,12;
719;Diancie;legendary;0,12;Never Transfer (Legendary);PokemonDB Catch Rate;;;0,12;
720;Hoopa;legendary;0,12;Never Transfer (Legendary);PokemonDB Catch Rate;;;0,12;
721;Volcanion;legendary;0,12;Never Transfer (Legendary);PokemonDB Catch Rate;;;0,12;
722;Rowlet;wild;3,88;Depends on Circumstances;Enhanced Curated Data, PokemonDB Catch Rate;;6,00;1,76;
723;Dartrix;wild;1,76;Should Always Trade;PokemonDB Catch Rate;;;1,76;
724;Decidueye;wild;1,76;Should Always Trade;PokemonDB Catch Rate;;;1,76;
724;Hisuian Decidueye;wild;1,38;Should Always Trade;Enhanced Curated Data, PokemonDB Catch Rate;;1,00;1,76;
725;Litten;wild;3,88;Depends on Circumstances;Enhanced Curated Data, PokemonDB Catch Rate;;6,00;1,76;
726;Torracat;wild;1,76;Should Always Trade;PokemonDB Catch Rate;;;1,76;
727;Incineroar;wild;1,76;Should Always Trade;PokemonDB Catch Rate;;;1,76;
728;Popplio;wild;3,88;Depends on Circumstances;Enhanced Curated Data, PokemonDB Catch Rate;;6,00;1,76;
729;Brionne;wild;1,76;Should Always Trade;PokemonDB Catch Rate;;;1,76;
730;Primarina;wild;1,76;Should Always Trade;PokemonDB Catch Rate;;;1,76;
731;Pikipek;wild;9,00;Safe to Transfer;Enhanced Curated Data, PokemonDB Catch Rate;;8,00;10,00;
732;Trumbeak;wild;4,71;Depends on Circumstances;PokemonDB Catch Rate;;;4,71;
733;Toucannon;wild;1,76;Should Always Trade;PokemonDB Catch Rate;;;1,76;
734;Yungoos;wild;9,00;Safe to Transfer;Enhanced Curated Data, PokemonDB Catch Rate;;8,00;10,00;
735;Gumshoos;wild;4,98;Depends on Circumstances;PokemonDB Catch Rate;;;4,98;
736;Grubbin;wild;7,50;Safe to Transfer;Enhanced Curated Data, PokemonDB Catch Rate;;5,00;10,00;
737;Charjabug;wild;4,71;Depends on Circumstances;PokemonDB Catch Rate;;;4,71;
738;Vikavolt;wild;1,76;Should Always Trade;PokemonDB Catch Rate;;;1,76;
739;Crabrawler;wild;6,41;Safe to Transfer;Enhanced Curated Data, PokemonDB Catch Rate;;4,00;8,82;
740;Crabominable;wild;2,35;Should Always Trade;PokemonDB Catch Rate;;;2,35;
741;Oricorio;wild;2,88;Should Always Trade;Enhanced Curated Data, PokemonDB Catch Rate;;4,00;1,76;
742;Cutiefly;wild;6,23;Safe to Transfer;Enhanced Curated Data, PokemonDB Catch Rate;;5,00;7,45;
743;Ribombee;wild;2,94;Should Always Trade;PokemonDB Catch Rate;;;2,94;
744;Rockruff;wild;6,23;Safe to Transfer;Enhanced Curated Data, PokemonDB Catch Rate;;5,00;7,45;
745;Lycanroc;wild;3,53;Depends on Circumstances;PokemonDB Catch Rate;;;3,53;
746;Wishiwashi;wild;3,18;Depends on Circumstances;Enhanced Curated Data, PokemonDB Catch Rate;;4,00;2,35;
747;Mareanie;wild;5,73;Depends on Circumstances;Enhanced Curated Data, PokemonDB Catch Rate;;4,00;7,45;
748;Toxapex;wild;2,94;Should Always Trade;PokemonDB Catch Rate;;;2,94;
749;Mudbray;wild;6,23;Safe to Transfer;Enhanced Curated Data, PokemonDB Catch Rate;;5,00;7,45;
750;Mudsdale;wild;2,35;Should Always Trade;PokemonDB Catch Rate;;;2,35;
751;Dewpider;wild;6,42;Safe to Transfer;Enhanced Curated Data, PokemonDB Catch Rate;;5,00;7,84;
752;Araquanid;wild;3,92;Depends on Circumstances;PokemonDB Catch Rate;;;3,92;
753;Fomantis;wild;6,23;Safe to Transfer;Enhanced Curated Data, PokemonDB Catch Rate;;5,00;7,45;
754;Lurantis;wild;2,94;Should Always Trade;PokemonDB Catch Rate;;;2,94;
755;Morelull;wild;6,23;Safe to Transfer;Enhanced Curated Data, PokemonDB Catch Rate;;5,00;7,45;
756;Shiinotic;wild;2,94;Should Always Trade;PokemonDB Catch Rate;;;2,94;
757;Salandit;wild;4,35;Depends on Circumstances;Enhanced Curated Data, PokemonDB Catch Rate;;4,00;4,71;
758;Salazzle;wild;1,76;Should Always Trade;PokemonDB Catch Rate;;;1,76;
759;Stufful;wild;5,25;Depends on Circumstances;Enhanced Curated Data, PokemonDB Catch Rate;;5,00;5,49;
760;Bewear;wild;2,75;Should Always Trade;PokemonDB Catch Rate;;;2,75;
761;Bounsweet;wild;7,11;Safe to Transfer;Enhanced Curated Data, PokemonDB Catch Rate;;5,00;9,22;
762;Steenee;wild;4,71;Depends on Circumstances;PokemonDB Catch Rate;;;4,71;
763;Tsareena;wild;1,76;Should Always Trade;PokemonDB Catch Rate;;;1,76;
764;Comfey;wild;2,68;Should Always Trade;Enhanced Curated Data, PokemonDB Catch Rate;;3,00;2,35;
765;Oranguru;wild;2,38;Should Always Trade;Enhanced Curated Data, PokemonDB Catch Rate;;3,00;1,76;
766;Passimian;wild;2,38;Should Always Trade;Enhanced Curated Data, PokemonDB Catch Rate;;3,00;1,76;
767;Wimpod;wild;3,76;Depends on Circumstances;Enhanced Curated Data, PokemonDB Catch Rate;;4,00;3,53;
768;Golisopod;wild;1,76;Should Always Trade;PokemonDB Catch Rate;;;1,76;
769;Sandygast;wild;4,75;Depends on Circumstances;Enhanced Curated Data, PokemonDB Catch Rate;;4,00;5,49;
770;Palossand;wild;2,35;Should Always Trade;PokemonDB Catch Rate;;;2,35;
771;Pyukumuku;wild;2,68;Should Always Trade;Enhanced Curated Data, PokemonDB Catch Rate;;3,00;2,35;
772;Type: Null;legendary;0,12;Never Transfer (Legendary);PokemonDB Catch Rate;;;0,12;
773;Silvally;wild;0,12;Should Always Trade;PokemonDB Catch Rate;;;0,12;
774;Minior;event-only;2,09;Never Transfer (Event Only);Enhanced Curated Data, PokemonDB Catch Rate;;3,00;1,18;
775;Komala;wild;2,38;Should Always Trade;Enhanced Curated Data, PokemonDB Catch Rate;;3,00;1,76;
776;Turtonator;wild;2,37;Should Always Trade;Enhanced Curated Data, PokemonDB Catch Rate;;2,00;2,75;
777;Togedemaru;wild;5,53;Depends on Circumstances;Enhanced Curated Data, PokemonDB Catch Rate;;4,00;7,06;
778;Mimikyu;wild;2,38;Should Always Trade;Enhanced Curated Data, PokemonDB Catch Rate;;3,00;1,76;
779;Bruxish;wild;3,57;Depends on Circumstances;Enhanced Curated Data, PokemonDB Catch Rate;;4,00;3,14;
780;Drampa;wild;2,37;Should Always Trade;Enhanced Curated Data, PokemonDB Catch Rate;;2,00;2,75;
781;Dhelmise;wild;1,49;Should Always Trade;Enhanced Curated Data, PokemonDB Catch Rate;;2,00;0,98;
782;Jangmo-o;wild;1,38;Should Always Trade;Enhanced Curated Data, PokemonDB Catch Rate;;1,00;1,76;
783;Hakamo-o;wild;1,76;Should Always Trade;PokemonDB Catch Rate;;;1,76;
784;Kommo-o;wild;1,76;Should Always Trade;PokemonDB Catch Rate;;;1,76;
785;Tapu Koko;legendary;0,12;Never Transfer (Legendary);PokemonDB Catch Rate;;;0,12;
786;Tapu Lele;legendary;0,12;Never Transfer (Legendary);PokemonDB Catch Rate;;;0,12;
787;Tapu Bulu;legendary;0,12;Never Transfer (Legendary);PokemonDB Catch Rate;;;0,12;
788;Tapu Fini;legendary;0,12;Never Transfer (Legendary);PokemonDB Catch Rate;;;0,12;
789;Cosmog;legendary;1,76;Never Transfer (Legendary);PokemonDB Catch Rate;;;1,76;
790;Cosmoem;legendary;1,76;Never Transfer (Legendary);PokemonDB Catch Rate;;;1,76;
791;Solgaleo;legendary;1,76;Never Transfer (Legendary);PokemonDB Catch Rate;;;1,76;
792;Lunala;legendary;1,76;Never Transfer (Legendary);PokemonDB Catch Rate;;;1,76;
793;Necrozma;legendary;10,00;Never Transfer (Legendary);PokemonDB Catch Rate;;;10,00;
794;Magearna;legendary;0,12;Never Transfer (Legendary);PokemonDB Catch Rate;;;0,12;
795;Marshadow;legendary;0,12;Never Transfer (Legendary);PokemonDB Catch Rate;;;0,12;
803;Poipole;legendary;1,76;Never Transfer (Legendary);PokemonDB Catch Rate;;;1,76;
804;Naganadel;legendary;1,76;Never Transfer (Legendary);PokemonDB Catch Rate;;;1,76;
805;Stakataka;legendary;1,18;Never Transfer (Legendary);PokemonDB Catch Rate;;;1,18;
806;Blacephalon;legendary;1,18;Never Transfer (Legendary);PokemonDB Catch Rate;;;1,18;
807;Zeraora;legendary;0,12;Never Transfer (Legendary);PokemonDB Catch Rate;;;0,12;
808;Meltan;legendary;0,12;Never Transfer (Legendary);PokemonDB Catch Rate;;;0,12;
809;Melmetal;legendary;0,12;Never Transfer (Legendary);PokemonDB Catch Rate;;;0,12;
810;Grookey;wild;3,88;Depends on Circumstances;Enhanced Curated Data, PokemonDB Catch Rate;;6,00;1,76;
811;Thwackey;wild;1,76;Should Always Trade;PokemonDB Catch Rate;;;1,76;
812;Rillaboom;wild;1,76;Should Always Trade;PokemonDB Catch Rate;;;1,76;
813;Scorbunny;wild;3,88;Depends on Circumstances;Enhanced Curated Data, PokemonDB Catch Rate;;6,00;1,76;
814;Raboot;wild;1,76;Should Always Trade;PokemonDB Catch Rate;;;1,76;
815;Cinderace;wild;1,76;Should Always Trade;PokemonDB Catch Rate;;;1,76;
816;Sobble;wild;3,88;Depends on Circumstances;Enhanced Curated Data, PokemonDB Catch Rate;;6,00;1,76;
817;Drizzile;wild;1,76;Should Always Trade;PokemonDB Catch Rate;;;1,76;
818;Inteleon;wild;1,76;Should Always Trade;PokemonDB Catch Rate;;;1,76;
819;Skwovet;wild;9,00;Safe to Transfer;Enhanced Curated Data, PokemonDB Catch Rate;;8,00;10,00;
820;Greedent;wild;3,53;Depends on Circumstances;PokemonDB Catch Rate;;;3,53;
821;Rookidee;wild;9,00;Safe to Transfer;Enhanced Curated Data, PokemonDB Catch Rate;;8,00;10,00;
822;Corvisquire;wild;4,71;Depends on Circumstances;PokemonDB Catch Rate;;;4,71;
823;Corviknight;wild;1,76;Should Always Trade;PokemonDB Catch Rate;;;1,76;
824;Blipbug;wild;9,00;Safe to Transfer;Enhanced Curated Data, PokemonDB Catch Rate;;8,00;10,00;
825;Dottler;wild;4,71;Depends on Circumstances;PokemonDB Catch Rate;;;4,71;
826;Orbeetle;wild;1,76;Should Always Trade;PokemonDB Catch Rate;;;1,76;
827;Nickit;wild;8,00;Safe to Transfer;Enhanced Curated Data, PokemonDB Catch Rate;;6,00;10,00;
828;Thievul;wild;4,98;Depends on Circumstances;PokemonDB Catch Rate;;;4,98;
829;Gossifleur;wild;7,23;Safe to Transfer;Enhanced Curated Data, PokemonDB Catch Rate;;7,00;7,45;
830;Eldegoss;wild;2,94;Should Always Trade;PokemonDB Catch Rate;;;2,94;
831;Wooloo;wild;8,50;Safe to Transfer;Enhanced Curated Data, PokemonDB Catch Rate;;7,00;10,00;
832;Dubwool;wild;4,98;Depends on Circumstances;PokemonDB Catch Rate;;;4,98;
833;Chewtle;wild;8,50;Safe to Transfer;Enhanced Curated Data, PokemonDB Catch Rate;;7,00;10,00;
834;Drednaw;wild;2,94;Should Always Trade;PokemonDB Catch Rate;;;2,94;
835;Yamper;wild;8,00;Safe to Transfer;Enhanced Curated Data, PokemonDB Catch Rate;;6,00;10,00;
836;Boltund;wild;1,76;Should Always Trade;PokemonDB Catch Rate;;;1,76;
837;Rolycoly;wild;10,00;Safe to Transfer;PokemonDB Catch Rate;;;10,00;
838;Carkol;wild;4,71;Depends on Circumstances;PokemonDB Catch Rate;;;4,71;
839;Coalossal;wild;1,76;Should Always Trade;PokemonDB Catch Rate;;;1,76;
840;Applin;wild;7,00;Safe to Transfer;Enhanced Curated Data, PokemonDB Catch Rate;;4,00;10,00;
841;Flapple;wild;1,76;Should Always Trade;PokemonDB Catch Rate;;;1,76;
842;Appletun;wild;1,76;Should Always Trade;PokemonDB Catch Rate;;;1,76;
843;Silicobra;wild;7,50;Safe to Transfer;Enhanced Curated Data, PokemonDB Catch Rate;;5,00;10,00;
844;Sandaconda;wild;4,71;Depends on Circumstances;PokemonDB Catch Rate;;;4,71;
845;Cramorant;wild;2,88;Should Always Trade;Enhanced Curated Data, PokemonDB Catch Rate;;4,00;1,76;
846;Arrokuda;wild;7,50;Safe to Transfer;Enhanced Curated Data, PokemonDB Catch Rate;;5,00;10,00;
847;Barraskewda;wild;2,35;Should Always Trade;PokemonDB Catch Rate;;;2,35;
848;Toxel;wild;3,47;Depends on Circumstances;Enhanced Curated Data, PokemonDB Catch Rate;;4,00;2,94;
849;Toxtricity;wild;1,76;Should Always Trade;PokemonDB Catch Rate;;;1,76;
850;Sizzlipede;wild;5,73;Depends on Circumstances;Enhanced Curated Data, PokemonDB Catch Rate;;4,00;7,45;
851;Centiskorch;wild;2,94;Should Always Trade;PokemonDB Catch Rate;;;2,94;
852;Clobbopus;wild;5,53;Depends on Circumstances;Enhanced Curated Data, PokemonDB Catch Rate;;4,00;7,06;
853;Grapploct;wild;1,76;Should Always Trade;PokemonDB Catch Rate;;;1,76;
854;Sinistea;wild;4,35;Depends on Circumstances;Enhanced Curated Data, PokemonDB Catch Rate;;4,00;4,71;
855;Polteageist;wild;2,35;Should Always Trade;PokemonDB Catch Rate;;;2,35;
856;Hatenna;wild;6,61;Safe to Transfer;Enhanced Curated Data, PokemonDB Catch Rate;;4,00;9,22;
857;Hattrem;wild;4,71;Depends on Circumstances;PokemonDB Catch Rate;;;4,71;
858;Hatterene;wild;1,76;Should Always Trade;PokemonDB Catch Rate;;;1,76;
859;Impidimp;wild;7,00;Safe to Transfer;Enhanced Curated Data, PokemonDB Catch Rate;;4,00;10,00;
860;Morgrem;wild;4,71;Depends on Circumstances;PokemonDB Catch Rate;;;4,71;
861;Grimmsnarl;wild;1,76;Should Always Trade;PokemonDB Catch Rate;;;1,76;
862;Obstagoon;wild;1,76;Should Always Trade;PokemonDB Catch Rate;;;1,76;
863;Perrserker;wild;3,53;Depends on Circumstances;PokemonDB Catch Rate;;;3,53;
864;Cursola;wild;1,18;Should Always Trade;PokemonDB Catch Rate;;;1,18;
865;Sirfetch'd;wild;1,76;Should Always Trade;PokemonDB Catch Rate;;;1,76;
866;Mr. Rime;wild;1,76;Should Always Trade;PokemonDB Catch Rate;;;1,76;
867;Runerigus;wild;3,53;Depends on Circumstances;PokemonDB Catch Rate;;;3,53;
868;Milcery;wild;5,42;Depends on Circumstances;Enhanced Curated Data, PokemonDB Catch Rate;;3,00;7,84;
869;Alcremie;wild;3,92;Depends on Circumstances;PokemonDB Catch Rate;;;3,92;
870;Falinks;wild;2,38;Should Always Trade;Enhanced Curated Data, PokemonDB Catch Rate;;3,00;1,76;
871;Pincurchin;wild;3,47;Depends on Circumstances;Enhanced Curated Data, PokemonDB Catch Rate;;4,00;2,94;
872;Snom;wild;5,73;Depends on Circumstances;Enhanced Curated Data, PokemonDB Catch Rate;;4,00;7,45;
873;Frosmoth;wild;2,94;Should Always Trade;PokemonDB Catch Rate;;;2,94;
874;Stonjourner;wild;2,35;Should Always Trade;PokemonDB Catch Rate;;;2,35;
875;Eiscue;wild;2,68;Should Always Trade;Enhanced Curated Data, PokemonDB Catch Rate;;3,00;2,35;
876;Indeedee;wild;2,09;Should Always Trade;Enhanced Curated Data, PokemonDB Catch Rate;;3,00;1,18;
877;Morpeko;wild;5,03;Depends on Circumstances;Enhanced Curated Data, PokemonDB Catch Rate;;3,00;7,06;
878;Cufant;wild;5,73;Depends on Circumstances;Enhanced Curated Data, PokemonDB Catch Rate;;4,00;7,45;
879;Copperajah;wild;3,53;Depends on Circumstances;PokemonDB Catch Rate;;;3,53;
880;Dracozolt;wild;1,76;Should Always Trade;PokemonDB Catch Rate;;;1,76;
881;Arctozolt;wild;1,76;Should Always Trade;PokemonDB Catch Rate;;;1,76;
882;Dracovish;wild;1,76;Should Always Trade;PokemonDB Catch Rate;;;1,76;
883;Arctovish;wild;1,76;Should Always Trade;PokemonDB Catch Rate;;;1,76;
884;Duraludon;wild;1,76;Should Always Trade;PokemonDB Catch Rate;;;1,76;
885;Dreepy;wild;1,88;Should Always Trade;Enhanced Curated Data, PokemonDB Catch Rate;;2,00;1,76;
886;Drakloak;wild;1,76;Should Always Trade;PokemonDB Catch Rate;;;1,76;
887;Dragapult;wild;1,76;Should Always Trade;PokemonDB Catch Rate;;;1,76;
888;Zacian;legendary;0,39;Never Transfer (Legendary);PokemonDB Catch Rate;;;0,39;
889;Zamazenta;legendary;0,39;Never Transfer (Legendary);PokemonDB Catch Rate;;;0,39;
890;Eternatus;legendary;10,00;Never Transfer (Legendary);PokemonDB Catch Rate;;;10,00;
891;Kubfu;legendary;0,12;Never Transfer (Legendary);PokemonDB Catch Rate;;;0,12;
892;Urshifu;legendary;0,12;Never Transfer (Legendary);PokemonDB Catch Rate;;;0,12;
893;Zarude;legendary;0,12;Never Transfer (Legendary);PokemonDB Catch Rate;;;0,12;
894;Regieleki;legendary;0,12;Never Transfer (Legendary);PokemonDB Catch Rate;;;0,12;
895;Regidrago;legendary;0,12;Never Transfer (Legendary);PokemonDB Catch Rate;;;0,12;
896;Glastrier;legendary;0,12;Never Transfer (Legendary);PokemonDB Catch Rate;;;0,12;
897;Spectrier;legendary;0,12;Never Transfer (Legendary);PokemonDB Catch Rate;;;0,12;
898;Calyrex;legendary;0,12;Never Transfer (Legendary);PokemonDB Catch Rate;;;0,12;
980;Paldean Clodsire;wild;3,53;Depends on Circumstances;PokemonDB Catch Rate;;;3,53;
